[2025-12-07 21:50:35.574] [PSS] [info] ***********  Log Begin **********
[2025-12-07 21:50:35.574] [PSS] [info] process id= 35504
[2025-12-07 21:50:35.574] [PSS] [debug] [35504|15424]streaming_driver_interface_impl.cpp:19 StreamingDriverInterfaceImpl: callback= 0x21bd789eb00, this= 0x21cb9839280
[2025-12-07 21:50:35.574] [PSS] [error] [35504|15424]streaming_driver_interface_impl.cpp:115 SetTrackingOrigin: streaming not started, this= 0x21cb9839280
[2025-12-07 21:50:35.574] [PSS] [info] [35504|15424]streaming_driver_interface_impl.cpp:24 ConnectToService: connect to service, client_id= jSucYrqBJnTxskWp, this= 0x21cb9839280
[2025-12-07 21:50:35.575] [PSS] [info] [35504|15424]streaming_client_impl.cpp:25 ConnectToService: client_id= jSucYrqBJnTxskWp, name= 3D Engine, desp= StreamingSceneRender, this= 0x21ccbef9d30
[2025-12-07 21:50:35.575] [PSS] [debug] [35504|26704]streaming_client_impl.cpp:137 InvokeConnectToService: connect to service through the network, port= 54000, this= 0x21ccbef9d30
[2025-12-07 21:50:35.575] [PSS] [debug] [35504|26704]transport_client_tcp3.cpp:34 Start: buffer size(send\recv): 2097152\2097152, this= 0x21bfb81d440
[2025-12-07 21:50:35.575] [PSS] [info] [35504|26704]transport_client_tcp3.cpp:59 Start: server= 127.0.0.1:54000, local=0.0.0.0:0, this= 0x21bfb81d440
[2025-12-07 21:50:35.575] [PSS] [info] [35504|16652]streaming_client_impl.cpp:62 NotifyConnectResult: network connect to service result= 0, this= 0x21ccbef9d30
[2025-12-07 21:50:35.575] [PSS] [debug] [35504|26704]streaming_client_impl.cpp:150 InvokeConnectToServiceByRpc: begin to connect to service by rpc, this= 0x21ccbef9d30
[2025-12-07 21:50:35.575] [PSS] [debug] [35504|16652]transport_client_tcp3.cpp:136 HandleConnect: local= 127.0.0.1:53919, this= 0x21bfb81d440
[2025-12-07 21:50:35.575] [PSS] [info] [35504|26704]rpc.cpp:81 Start: start, request id begin from 4250, this= 0x21c67efeb00
[2025-12-07 21:50:35.575] [PSS] [debug] [35504|26704]streaming_client_impl.cpp:171 InvokeConnectToServiceByRpc: connecting to service success, client_id= jSucYrqBJnTxskWp, this= 0x21ccbef9d30
[2025-12-07 21:50:35.576] [PSS] [info] [35504|26704]streaming_client_impl.cpp:238 HandleConnectToServiceResp: connect response {result { description: "Success" } client_id: "jSucYrqBJnTxskWp" service_id: "xre_TOXxyFjd" service_version: "2.2.1.9"}, this= 0x21ccbef9d30
[2025-12-07 21:50:35.576] [PSS] [info] [35504|26704]streaming_driver_interface_impl.cpp:326 NotifyClientConnectResult: client connected, client_id= jSucYrqBJnTxskWp, service_version= 2.2.1.9, this= 0x21cb9839280
[2025-12-07 21:50:35.576] [PSS] [info] [35504|26704]streaming_driver_interface_impl.cpp:382 HandleUpdateHMDStateEvent: update hmd state {state_type: kHMDDeviceStateConnected device_id: "PA821CMGGC200276G" device_name: "PICO 4" connection_type: kConnectionUsb description: "Add Device"}, this= 0x21cb9839280
[2025-12-07 21:50:35.577] [PSS] [info] [35504|15424]streaming_driver_interface_impl.cpp:50 StartStreaming: start streaming, {width: 1920 height: 1920 frame_rate: 72}, this= 0x21cb9839280
[2025-12-07 21:50:36.298] [PSS] [info] [35504|26704]streaming_driver_interface_impl.cpp:418 HandleUpdateStreamingStateEvent: update streaming state {started_flag: true session_id: "m29upqVe"}, this= 0x21cb9839280
[2025-12-07 21:50:36.298] [PSS] [info] [35504|26704]streaming_driver_interface_impl.cpp:213 StartHandTracking: start hand tracking, this= 0x21cb9839280
[2025-12-07 21:50:36.763] [PSS] [debug] [35504|26704]streaming_driver_interface_impl.cpp:444 HandleIpdChangedEvent: ipd changed {ipd: 0.06688}, this= 0x21cb9839280
[2025-12-07 21:50:36.763] [PSS] [debug] [35504|26704]streaming_driver_interface_impl.cpp:456 HandleFovChangedEvent: fov changed {fov_infos { eye_side: kSideLeft left: -0.907414198 right: 0.907414198 up: 0.907414198 down: -0.907414198 } fov_infos { eye_side: kSideRight left: -0.907414198 right: 0.907414198 up: 0.907414198 down: -0.907414198 }}, this= 0x21cb9839280
[2025-12-07 21:50:36.788] [PSS] [info] [35504|14920]streaming_driver_interface_impl.cpp:87 SubmitViewFrames: submit view frames {view_texture_handles: 2147496770 view_texture_handles: 2147495298 pose { orientation { x: 0.0333478376 y: 0.00162965397 z: -9.7783879e-05 w: 0.999442518 } position { x: -0.0504353456 y: 1.06347167 z: 0.0419098176 } }}, this= 0x21cb9839280
[2025-12-07 21:50:36.815] [PSS] [info] [35504|14920]streaming_driver_interface_impl.cpp:87 SubmitViewFrames: submit view frames {view_texture_handles: 2147496770 view_texture_handles: 2147495298 pose { orientation { x: 0.0333478376 y: 0.00162965397 z: -9.7783879e-05 w: 0.999442518 } position { x: -0.0504353456 y: 1.06347167 z: 0.0419098176 } }}, this= 0x21cb9839280
[2025-12-07 21:50:36.845] [PSS] [info] [35504|14920]streaming_driver_interface_impl.cpp:87 SubmitViewFrames: submit view frames {view_texture_handles: 2147496770 view_texture_handles: 2147495298 pose { orientation { } position { } }}, this= 0x21cb9839280
[2025-12-07 21:50:36.847] [PSS] [info] [35504|14920]streaming_driver_interface_impl.cpp:87 SubmitViewFrames: submit view frames {view_texture_handles: 2147496770 view_texture_handles: 2147495298 pose { orientation { } position { } }}, this= 0x21cb9839280
[2025-12-07 21:50:36.865] [PSS] [info] [35504|14920]streaming_driver_interface_impl.cpp:87 SubmitViewFrames: submit view frames {view_texture_handles: 2147496770 view_texture_handles: 2147495298 pose { orientation { } position { } }}, this= 0x21cb9839280
[2025-12-07 21:50:36.881] [PSS] [info] [35504|14920]streaming_driver_interface_impl.cpp:87 SubmitViewFrames: submit view frames {view_texture_handles: 2147496770 view_texture_handles: 2147495298 pose { orientation { } position { } }}, this= 0x21cb9839280
[2025-12-07 21:50:36.911] [PSS] [info] [35504|14920]streaming_driver_interface_impl.cpp:87 SubmitViewFrames: submit view frames {view_texture_handles: 2147496770 view_texture_handles: 2147495298 pose { orientation { } position { } }}, this= 0x21cb9839280
[2025-12-07 21:50:36.922] [PSS] [info] [35504|14920]streaming_driver_interface_impl.cpp:87 SubmitViewFrames: submit view frames {view_texture_handles: 2147496770 view_texture_handles: 2147495298 pose { orientation { } position { } }}, this= 0x21cb9839280
[2025-12-07 21:50:36.951] [PSS] [info] [35504|14920]streaming_driver_interface_impl.cpp:87 SubmitViewFrames: submit view frames {view_texture_handles: 2147496770 view_texture_handles: 2147495298 pose { orientation { } position { } }}, this= 0x21cb9839280
[2025-12-07 21:50:36.966] [PSS] [info] [35504|14920]streaming_driver_interface_impl.cpp:87 SubmitViewFrames: submit view frames {view_texture_handles: 2147496770 view_texture_handles: 2147495298 pose { orientation { } position { } }}, this= 0x21cb9839280
[2025-12-07 21:50:36.980] [PSS] [info] [35504|14920]streaming_driver_interface_impl.cpp:87 SubmitViewFrames: submit view frames {view_texture_handles: 2147496770 view_texture_handles: 2147495298 pose { orientation { } position { } }}, this= 0x21cb9839280
[2025-12-07 21:50:36.996] [PSS] [info] [35504|14920]streaming_driver_interface_impl.cpp:87 SubmitViewFrames: submit view frames {view_texture_handles: 2147496770 view_texture_handles: 2147495298 pose { orientation { } position { } }}, this= 0x21cb9839280
[2025-12-07 21:50:37.016] [PSS] [info] [35504|14920]streaming_driver_interface_impl.cpp:87 SubmitViewFrames: submit view frames {view_texture_handles: 2147496770 view_texture_handles: 2147495298 pose { orientation { } position { } }}, this= 0x21cb9839280
[2025-12-07 21:50:37.030] [PSS] [info] [35504|14920]streaming_driver_interface_impl.cpp:87 SubmitViewFrames: submit view frames {view_texture_handles: 2147496770 view_texture_handles: 2147495298 pose { orientation { } position { } }}, this= 0x21cb9839280
[2025-12-07 21:50:37.042] [PSS] [info] [35504|14920]streaming_driver_interface_impl.cpp:87 SubmitViewFrames: submit view frames {view_texture_handles: 2147496770 view_texture_handles: 2147495298 pose { orientation { } position { } }}, this= 0x21cb9839280
[2025-12-07 21:50:37.061] [PSS] [info] [35504|14920]streaming_driver_interface_impl.cpp:87 SubmitViewFrames: submit view frames {view_texture_handles: 2147496770 view_texture_handles: 2147495298 pose { orientation { } position { } }}, this= 0x21cb9839280
[2025-12-07 21:50:37.088] [PSS] [info] [35504|14920]streaming_driver_interface_impl.cpp:87 SubmitViewFrames: submit view frames {view_texture_handles: 2147496770 view_texture_handles: 2147495298 pose { orientation { } position { } }}, this= 0x21cb9839280
[2025-12-07 21:50:37.097] [PSS] [info] [35504|14920]streaming_driver_interface_impl.cpp:87 SubmitViewFrames: submit view frames {view_texture_handles: 2147496770 view_texture_handles: 2147495298 pose { orientation { } position { } }}, this= 0x21cb9839280
[2025-12-07 21:50:37.125] [PSS] [info] [35504|14920]streaming_driver_interface_impl.cpp:87 SubmitViewFrames: submit view frames {view_texture_handles: 2147496770 view_texture_handles: 2147495298 pose { orientation { } position { } }}, this= 0x21cb9839280
[2025-12-07 21:50:37.130] [PSS] [info] [35504|14920]streaming_driver_interface_impl.cpp:87 SubmitViewFrames: submit view frames {view_texture_handles: 2147496770 view_texture_handles: 2147495298 pose { orientation { } position { } }}, this= 0x21cb9839280
[2025-12-07 21:50:37.184] [PSS] [info] [35504|14920]streaming_driver_interface_impl.cpp:87 SubmitViewFrames: submit view frames {view_texture_handles: 2147496770 view_texture_handles: 2147495298 pose { orientation { } position { } }}, this= 0x21cb9839280
[2025-12-07 21:50:37.194] [PSS] [info] [35504|14920]streaming_driver_interface_impl.cpp:87 SubmitViewFrames: submit view frames {view_texture_handles: 2147496770 view_texture_handles: 2147495298 pose { orientation { } position { } }}, this= 0x21cb9839280
[2025-12-07 21:50:37.200] [PSS] [info] [35504|14920]streaming_driver_interface_impl.cpp:87 SubmitViewFrames: submit view frames {view_texture_handles: 2147496770 view_texture_handles: 2147495298 pose { orientation { } position { } }}, this= 0x21cb9839280
[2025-12-07 21:50:37.227] [PSS] [info] [35504|14920]streaming_driver_interface_impl.cpp:87 SubmitViewFrames: submit view frames {view_texture_handles: 2147496770 view_texture_handles: 2147495298 pose { orientation { } position { } }}, this= 0x21cb9839280
[2025-12-07 21:50:37.230] [PSS] [info] [35504|14920]streaming_driver_interface_impl.cpp:87 SubmitViewFrames: submit view frames {view_texture_handles: 2147496770 view_texture_handles: 2147495298 pose { orientation { } position { } }}, this= 0x21cb9839280
[2025-12-07 21:50:37.250] [PSS] [info] [35504|14920]streaming_driver_interface_impl.cpp:87 SubmitViewFrames: submit view frames {view_texture_handles: 2147496770 view_texture_handles: 2147495298 pose { orientation { } position { } }}, this= 0x21cb9839280
[2025-12-07 21:50:37.601] [PSS] [info] [35504|14920]streaming_driver_interface_impl.cpp:87 SubmitViewFrames: submit view frames {view_texture_handles: 2147496770 view_texture_handles: 2147495298 pose { orientation { } position { } }}, this= 0x21cb9839280
[2025-12-07 21:50:37.657] [PSS] [info] [35504|14920]streaming_driver_interface_impl.cpp:87 SubmitViewFrames: submit view frames {view_texture_handles: 2147496770 view_texture_handles: 2147495298 pose { orientation { } position { } }}, this= 0x21cb9839280
[2025-12-07 21:50:37.692] [PSS] [info] [35504|14920]streaming_driver_interface_impl.cpp:87 SubmitViewFrames: submit view frames {view_texture_handles: 2147496770 view_texture_handles: 2147495298 pose { orientation { } position { } }}, this= 0x21cb9839280
[2025-12-07 21:50:37.695] [PSS] [info] [35504|14920]streaming_driver_interface_impl.cpp:87 SubmitViewFrames: submit view frames {view_texture_handles: 2147496770 view_texture_handles: 2147495298 pose { orientation { } position { } }}, this= 0x21cb9839280
[2025-12-07 21:50:37.762] [PSS] [info] [35504|14920]streaming_driver_interface_impl.cpp:87 SubmitViewFrames: submit view frames {view_texture_handles: 2147496770 view_texture_handles: 2147495298 pose { orientation { } position { } }}, this= 0x21cb9839280
[2025-12-07 21:50:37.765] [PSS] [info] [35504|14920]streaming_driver_interface_impl.cpp:87 SubmitViewFrames: submit view frames {view_texture_handles: 2147496770 view_texture_handles: 2147495298 pose { orientation { } position { } }}, this= 0x21cb9839280
[2025-12-07 21:50:37.835] [PSS] [info] [35504|14920]streaming_driver_interface_impl.cpp:87 SubmitViewFrames: submit view frames {view_texture_handles: 2147496770 view_texture_handles: 2147495298 pose { orientation { } position { } }}, this= 0x21cb9839280
[2025-12-07 21:50:37.839] [PSS] [info] [35504|14920]streaming_driver_interface_impl.cpp:87 SubmitViewFrames: submit view frames {view_texture_handles: 2147496770 view_texture_handles: 2147495298 pose { orientation { } position { } }}, this= 0x21cb9839280
[2025-12-07 21:50:37.843] [PSS] [info] [35504|14920]streaming_driver_interface_impl.cpp:87 SubmitViewFrames: submit view frames {view_texture_handles: 2147496770 view_texture_handles: 2147495298 pose { orientation { } position { } }}, this= 0x21cb9839280
[2025-12-07 21:50:37.910] [PSS] [info] [35504|14920]streaming_driver_interface_impl.cpp:87 SubmitViewFrames: submit view frames {view_texture_handles: 2147496770 view_texture_handles: 2147495298 pose { orientation { } position { } }}, this= 0x21cb9839280
[2025-12-07 21:50:37.940] [PSS] [info] [35504|14920]streaming_driver_interface_impl.cpp:87 SubmitViewFrames: submit view frames {view_texture_handles: 2147496770 view_texture_handles: 2147495298 pose { orientation { } position { } }}, this= 0x21cb9839280
[2025-12-07 21:50:37.944] [PSS] [info] [35504|14920]streaming_driver_interface_impl.cpp:87 SubmitViewFrames: submit view frames {view_texture_handles: 2147496770 view_texture_handles: 2147495298 pose { orientation { } position { } }}, this= 0x21cb9839280
[2025-12-07 21:50:38.009] [PSS] [info] [35504|14920]streaming_driver_interface_impl.cpp:87 SubmitViewFrames: submit view frames {view_texture_handles: 2147496770 view_texture_handles: 2147495298 pose { orientation { } position { } }}, this= 0x21cb9839280
[2025-12-07 21:50:38.049] [PSS] [info] [35504|14920]streaming_driver_interface_impl.cpp:87 SubmitViewFrames: submit view frames {view_texture_handles: 2147496770 view_texture_handles: 2147495298 pose { orientation { } position { } }}, this= 0x21cb9839280
[2025-12-07 21:50:38.052] [PSS] [info] [35504|14920]streaming_driver_interface_impl.cpp:87 SubmitViewFrames: submit view frames {view_texture_handles: 2147496770 view_texture_handles: 2147495298 pose { orientation { } position { } }}, this= 0x21cb9839280
[2025-12-07 21:50:38.057] [PSS] [info] [35504|14920]streaming_driver_interface_impl.cpp:87 SubmitViewFrames: submit view frames {view_texture_handles: 2147496770 view_texture_handles: 2147495298 pose { orientation { } position { } }}, this= 0x21cb9839280
[2025-12-07 21:50:38.115] [PSS] [info] [35504|14920]streaming_driver_interface_impl.cpp:87 SubmitViewFrames: submit view frames {view_texture_handles: 2147496770 view_texture_handles: 2147495298 pose { orientation { } position { } }}, this= 0x21cb9839280
[2025-12-07 21:50:38.150] [PSS] [info] [35504|14920]streaming_driver_interface_impl.cpp:87 SubmitViewFrames: submit view frames {view_texture_handles: 2147496770 view_texture_handles: 2147495298 pose { orientation { } position { } }}, this= 0x21cb9839280
[2025-12-07 21:50:38.179] [PSS] [info] [35504|14920]streaming_driver_interface_impl.cpp:87 SubmitViewFrames: submit view frames {view_texture_handles: 2147496770 view_texture_handles: 2147495298 pose { orientation { } position { } }}, this= 0x21cb9839280
[2025-12-07 21:50:38.184] [PSS] [info] [35504|14920]streaming_driver_interface_impl.cpp:87 SubmitViewFrames: submit view frames {view_texture_handles: 2147496770 view_texture_handles: 2147495298 pose { orientation { } position { } }}, this= 0x21cb9839280
[2025-12-07 21:50:38.249] [PSS] [info] [35504|14920]streaming_driver_interface_impl.cpp:87 SubmitViewFrames: submit view frames {view_texture_handles: 2147496770 view_texture_handles: 2147495298 pose { orientation { } position { } }}, this= 0x21cb9839280
[2025-12-07 21:50:38.279] [PSS] [info] [35504|14920]streaming_driver_interface_impl.cpp:87 SubmitViewFrames: submit view frames {view_texture_handles: 2147496770 view_texture_handles: 2147495298 pose { orientation { } position { } }}, this= 0x21cb9839280
[2025-12-07 21:50:38.317] [PSS] [info] [35504|14920]streaming_driver_interface_impl.cpp:87 SubmitViewFrames: submit view frames {view_texture_handles: 2147496770 view_texture_handles: 2147495298 pose { orientation { } position { } }}, this= 0x21cb9839280
[2025-12-07 21:50:38.392] [PSS] [info] [35504|14920]streaming_driver_interface_impl.cpp:87 SubmitViewFrames: submit view frames {view_texture_handles: 2147496770 view_texture_handles: 2147495298 pose { orientation { } position { } }}, this= 0x21cb9839280
[2025-12-07 21:50:38.423] [PSS] [info] [35504|14920]streaming_driver_interface_impl.cpp:87 SubmitViewFrames: submit view frames {view_texture_handles: 2147496770 view_texture_handles: 2147495298 pose { orientation { } position { } }}, this= 0x21cb9839280
[2025-12-07 21:50:38.455] [PSS] [info] [35504|14920]streaming_driver_interface_impl.cpp:87 SubmitViewFrames: submit view frames {view_texture_handles: 2147496770 view_texture_handles: 2147495298 pose { orientation { } position { } }}, this= 0x21cb9839280
[2025-12-07 21:50:38.460] [PSS] [info] [35504|14920]streaming_driver_interface_impl.cpp:87 SubmitViewFrames: submit view frames {view_texture_handles: 2147496770 view_texture_handles: 2147495298 pose { orientation { } position { } }}, this= 0x21cb9839280
[2025-12-07 21:50:38.487] [PSS] [info] [35504|14920]streaming_driver_interface_impl.cpp:87 SubmitViewFrames: submit view frames {view_texture_handles: 2147496770 view_texture_handles: 2147495298 pose { orientation { } position { } }}, this= 0x21cb9839280
[2025-12-07 21:50:38.492] [PSS] [info] [35504|14920]streaming_driver_interface_impl.cpp:87 SubmitViewFrames: submit view frames {view_texture_handles: 2147496770 view_texture_handles: 2147495298 pose { orientation { } position { } }}, this= 0x21cb9839280
[2025-12-07 21:50:38.556] [PSS] [info] [35504|14920]streaming_driver_interface_impl.cpp:87 SubmitViewFrames: submit view frames {view_texture_handles: 2147496770 view_texture_handles: 2147495298 pose { orientation { } position { } }}, this= 0x21cb9839280
[2025-12-07 21:50:38.598] [PSS] [info] [35504|14920]streaming_driver_interface_impl.cpp:87 SubmitViewFrames: submit view frames {view_texture_handles: 2147496770 view_texture_handles: 2147495298 pose { orientation { } position { } }}, this= 0x21cb9839280
[2025-12-07 21:50:38.631] [PSS] [info] [35504|14920]streaming_driver_interface_impl.cpp:87 SubmitViewFrames: submit view frames {view_texture_handles: 2147496770 view_texture_handles: 2147495298 pose { orientation { } position { } }}, this= 0x21cb9839280
[2025-12-07 21:50:38.638] [PSS] [info] [35504|14920]streaming_driver_interface_impl.cpp:87 SubmitViewFrames: submit view frames {view_texture_handles: 2147496770 view_texture_handles: 2147495298 pose { orientation { } position { } }}, this= 0x21cb9839280
[2025-12-07 21:50:38.672] [PSS] [info] [35504|14920]streaming_driver_interface_impl.cpp:87 SubmitViewFrames: submit view frames {view_texture_handles: 2147496770 view_texture_handles: 2147495298 pose { orientation { } position { } }}, this= 0x21cb9839280
[2025-12-07 21:50:38.709] [PSS] [info] [35504|14920]streaming_driver_interface_impl.cpp:87 SubmitViewFrames: submit view frames {view_texture_handles: 2147496770 view_texture_handles: 2147495298 pose { orientation { } position { } }}, this= 0x21cb9839280
[2025-12-07 21:50:38.777] [PSS] [info] [35504|14920]streaming_driver_interface_impl.cpp:87 SubmitViewFrames: submit view frames {view_texture_handles: 2147496770 view_texture_handles: 2147495298 pose { orientation { } position { } }}, this= 0x21cb9839280
[2025-12-07 21:50:38.842] [PSS] [info] [35504|14920]streaming_driver_interface_impl.cpp:87 SubmitViewFrames: submit view frames {view_texture_handles: 2147496770 view_texture_handles: 2147495298 pose { orientation { } position { } }}, this= 0x21cb9839280
[2025-12-07 21:50:38.848] [PSS] [info] [35504|14920]streaming_driver_interface_impl.cpp:87 SubmitViewFrames: submit view frames {view_texture_handles: 2147496770 view_texture_handles: 2147495298 pose { orientation { } position { } }}, this= 0x21cb9839280
[2025-12-07 21:50:38.877] [PSS] [info] [35504|14920]streaming_driver_interface_impl.cpp:87 SubmitViewFrames: submit view frames {view_texture_handles: 2147496770 view_texture_handles: 2147495298 pose { orientation { } position { } }}, this= 0x21cb9839280
[2025-12-07 21:50:38.939] [PSS] [info] [35504|14920]streaming_driver_interface_impl.cpp:87 SubmitViewFrames: submit view frames {view_texture_handles: 2147496770 view_texture_handles: 2147495298 pose { orientation { } position { } }}, this= 0x21cb9839280
[2025-12-07 21:50:38.943] [PSS] [info] [35504|14920]streaming_driver_interface_impl.cpp:87 SubmitViewFrames: submit view frames {view_texture_handles: 2147496770 view_texture_handles: 2147495298 pose { orientation { } position { } }}, this= 0x21cb9839280
[2025-12-07 21:50:38.970] [PSS] [info] [35504|14920]streaming_driver_interface_impl.cpp:87 SubmitViewFrames: submit view frames {view_texture_handles: 2147496770 view_texture_handles: 2147495298 pose { orientation { } position { } }}, this= 0x21cb9839280
[2025-12-07 21:50:38.976] [PSS] [info] [35504|14920]streaming_driver_interface_impl.cpp:87 SubmitViewFrames: submit view frames {view_texture_handles: 2147496770 view_texture_handles: 2147495298 pose { orientation { } position { } }}, this= 0x21cb9839280
[2025-12-07 21:50:39.036] [PSS] [info] [35504|14920]streaming_driver_interface_impl.cpp:87 SubmitViewFrames: submit view frames {view_texture_handles: 2147496770 view_texture_handles: 2147495298 pose { orientation { } position { } }}, this= 0x21cb9839280
[2025-12-07 21:50:39.069] [PSS] [info] [35504|14920]streaming_driver_interface_impl.cpp:87 SubmitViewFrames: submit view frames {view_texture_handles: 2147496770 view_texture_handles: 2147495298 pose { orientation { } position { } }}, this= 0x21cb9839280
[2025-12-07 21:50:39.102] [PSS] [info] [35504|14920]streaming_driver_interface_impl.cpp:87 SubmitViewFrames: submit view frames {view_texture_handles: 2147496770 view_texture_handles: 2147495298 pose { orientation { } position { } }}, this= 0x21cb9839280
[2025-12-07 21:50:39.107] [PSS] [info] [35504|14920]streaming_driver_interface_impl.cpp:87 SubmitViewFrames: submit view frames {view_texture_handles: 2147496770 view_texture_handles: 2147495298 pose { orientation { } position { } }}, this= 0x21cb9839280
[2025-12-07 21:50:39.137] [PSS] [info] [35504|14920]streaming_driver_interface_impl.cpp:87 SubmitViewFrames: submit view frames {view_texture_handles: 2147496770 view_texture_handles: 2147495298 pose { orientation { } position { } }}, this= 0x21cb9839280
[2025-12-07 21:50:39.169] [PSS] [info] [35504|14920]streaming_driver_interface_impl.cpp:87 SubmitViewFrames: submit view frames {view_texture_handles: 2147496770 view_texture_handles: 2147495298 pose { orientation { } position { } }}, this= 0x21cb9839280
[2025-12-07 21:50:39.201] [PSS] [info] [35504|14920]streaming_driver_interface_impl.cpp:87 SubmitViewFrames: submit view frames {view_texture_handles: 2147496770 view_texture_handles: 2147495298 pose { orientation { } position { } }}, this= 0x21cb9839280
[2025-12-07 21:50:39.230] [PSS] [info] [35504|14920]streaming_driver_interface_impl.cpp:87 SubmitViewFrames: submit view frames {view_texture_handles: 2147496770 view_texture_handles: 2147495298 pose { orientation { } position { } }}, this= 0x21cb9839280
[2025-12-07 21:50:39.263] [PSS] [info] [35504|14920]streaming_driver_interface_impl.cpp:87 SubmitViewFrames: submit view frames {view_texture_handles: 2147496770 view_texture_handles: 2147495298 pose { orientation { } position { } }}, this= 0x21cb9839280
[2025-12-07 21:50:39.294] [PSS] [info] [35504|14920]streaming_driver_interface_impl.cpp:87 SubmitViewFrames: submit view frames {view_texture_handles: 2147496770 view_texture_handles: 2147495298 pose { orientation { } position { } }}, this= 0x21cb9839280
[2025-12-07 21:50:39.328] [PSS] [info] [35504|14920]streaming_driver_interface_impl.cpp:87 SubmitViewFrames: submit view frames {view_texture_handles: 2147496770 view_texture_handles: 2147495298 pose { orientation { } position { } }}, this= 0x21cb9839280
[2025-12-07 21:50:39.358] [PSS] [info] [35504|14920]streaming_driver_interface_impl.cpp:87 SubmitViewFrames: submit view frames {view_texture_handles: 2147496770 view_texture_handles: 2147495298 pose { orientation { } position { } }}, this= 0x21cb9839280
[2025-12-07 21:50:39.393] [PSS] [info] [35504|14920]streaming_driver_interface_impl.cpp:87 SubmitViewFrames: submit view frames {view_texture_handles: 2147496770 view_texture_handles: 2147495298 pose { orientation { } position { } }}, this= 0x21cb9839280
[2025-12-07 21:50:39.422] [PSS] [info] [35504|14920]streaming_driver_interface_impl.cpp:87 SubmitViewFrames: submit view frames {view_texture_handles: 2147496770 view_texture_handles: 2147495298 pose { orientation { } position { } }}, this= 0x21cb9839280
[2025-12-07 21:50:39.455] [PSS] [info] [35504|14920]streaming_driver_interface_impl.cpp:87 SubmitViewFrames: submit view frames {view_texture_handles: 2147496770 view_texture_handles: 2147495298 pose { orientation { } position { } }}, this= 0x21cb9839280
[2025-12-07 21:50:39.483] [PSS] [info] [35504|14920]streaming_driver_interface_impl.cpp:87 SubmitViewFrames: submit view frames {view_texture_handles: 2147496770 view_texture_handles: 2147495298 pose { orientation { } position { } }}, this= 0x21cb9839280
[2025-12-07 21:50:39.516] [PSS] [info] [35504|14920]streaming_driver_interface_impl.cpp:87 SubmitViewFrames: submit view frames {view_texture_handles: 2147496770 view_texture_handles: 2147495298 pose { orientation { } position { } }}, this= 0x21cb9839280
[2025-12-07 21:50:39.545] [PSS] [info] [35504|14920]streaming_driver_interface_impl.cpp:87 SubmitViewFrames: submit view frames {view_texture_handles: 2147496770 view_texture_handles: 2147495298 pose { orientation { } position { } }}, this= 0x21cb9839280
[2025-12-07 21:50:39.578] [PSS] [info] [35504|14920]streaming_driver_interface_impl.cpp:87 SubmitViewFrames: submit view frames {view_texture_handles: 2147496770 view_texture_handles: 2147495298 pose { orientation { } position { } }}, this= 0x21cb9839280
[2025-12-07 21:50:39.608] [PSS] [info] [35504|14920]streaming_driver_interface_impl.cpp:87 SubmitViewFrames: submit view frames {view_texture_handles: 2147496770 view_texture_handles: 2147495298 pose { orientation { } position { } }}, this= 0x21cb9839280
[2025-12-07 21:50:39.641] [PSS] [info] [35504|14920]streaming_driver_interface_impl.cpp:87 SubmitViewFrames: submit view frames {view_texture_handles: 2147496770 view_texture_handles: 2147495298 pose { orientation { } position { } }}, this= 0x21cb9839280
[2025-12-07 21:50:39.671] [PSS] [info] [35504|14920]streaming_driver_interface_impl.cpp:87 SubmitViewFrames: submit view frames {view_texture_handles: 2147496770 view_texture_handles: 2147495298 pose { orientation { } position { } }}, this= 0x21cb9839280
[2025-12-07 21:50:39.705] [PSS] [info] [35504|14920]streaming_driver_interface_impl.cpp:87 SubmitViewFrames: submit view frames {view_texture_handles: 2147496770 view_texture_handles: 2147495298 pose { orientation { } position { } }}, this= 0x21cb9839280
[2025-12-07 21:50:39.734] [PSS] [info] [35504|14920]streaming_driver_interface_impl.cpp:87 SubmitViewFrames: submit view frames {view_texture_handles: 2147496770 view_texture_handles: 2147495298 pose { orientation { } position { } }}, this= 0x21cb9839280
[2025-12-07 21:50:39.767] [PSS] [info] [35504|14920]streaming_driver_interface_impl.cpp:87 SubmitViewFrames: submit view frames {view_texture_handles: 2147496770 view_texture_handles: 2147495298 pose { orientation { } position { } }}, this= 0x21cb9839280
[2025-12-07 21:50:39.796] [PSS] [info] [35504|14920]streaming_driver_interface_impl.cpp:87 SubmitViewFrames: submit view frames {view_texture_handles: 2147496770 view_texture_handles: 2147495298 pose { orientation { } position { } }}, this= 0x21cb9839280
[2025-12-07 21:50:39.829] [PSS] [info] [35504|14920]streaming_driver_interface_impl.cpp:87 SubmitViewFrames: submit view frames {view_texture_handles: 2147496770 view_texture_handles: 2147495298 pose { orientation { } position { } }}, this= 0x21cb9839280
[2025-12-07 21:50:39.859] [PSS] [info] [35504|14920]streaming_driver_interface_impl.cpp:87 SubmitViewFrames: submit view frames {view_texture_handles: 2147496770 view_texture_handles: 2147495298 pose { orientation { } position { } }}, this= 0x21cb9839280
[2025-12-07 21:50:39.888] [PSS] [info] [35504|14920]streaming_driver_interface_impl.cpp:87 SubmitViewFrames: submit view frames {view_texture_handles: 2147496770 view_texture_handles: 2147495298 pose { orientation { } position { } }}, this= 0x21cb9839280
[2025-12-07 21:50:39.921] [PSS] [info] [35504|14920]streaming_driver_interface_impl.cpp:87 SubmitViewFrames: submit view frames {view_texture_handles: 2147496770 view_texture_handles: 2147495298 pose { orientation { } position { } }}, this= 0x21cb9839280
[2025-12-07 21:50:39.950] [PSS] [info] [35504|14920]streaming_driver_interface_impl.cpp:87 SubmitViewFrames: submit view frames {view_texture_handles: 2147496770 view_texture_handles: 2147495298 pose { orientation { } position { } }}, this= 0x21cb9839280
[2025-12-07 21:50:39.982] [PSS] [info] [35504|14920]streaming_driver_interface_impl.cpp:87 SubmitViewFrames: submit view frames {view_texture_handles: 2147496770 view_texture_handles: 2147495298 pose { orientation { } position { } }}, this= 0x21cb9839280
[2025-12-07 21:50:40.016] [PSS] [info] [35504|14920]streaming_driver_interface_impl.cpp:87 SubmitViewFrames: submit view frames {view_texture_handles: 2147496770 view_texture_handles: 2147495298 pose { orientation { } position { } }}, this= 0x21cb9839280
[2025-12-07 21:50:40.046] [PSS] [info] [35504|14920]streaming_driver_interface_impl.cpp:87 SubmitViewFrames: submit view frames {view_texture_handles: 2147496770 view_texture_handles: 2147495298 pose { orientation { } position { } }}, this= 0x21cb9839280
[2025-12-07 21:50:40.079] [PSS] [info] [35504|14920]streaming_driver_interface_impl.cpp:87 SubmitViewFrames: submit view frames {view_texture_handles: 2147496770 view_texture_handles: 2147495298 pose { orientation { } position { } }}, this= 0x21cb9839280
[2025-12-07 21:50:40.108] [PSS] [info] [35504|14920]streaming_driver_interface_impl.cpp:87 SubmitViewFrames: submit view frames {view_texture_handles: 2147496770 view_texture_handles: 2147495298 pose { orientation { } position { } }}, this= 0x21cb9839280
[2025-12-07 21:50:40.172] [PSS] [info] [35504|14920]streaming_driver_interface_impl.cpp:87 SubmitViewFrames: submit view frames {view_texture_handles: 2147496770 view_texture_handles: 2147495298 pose { orientation { } position { } }}, this= 0x21cb9839280
[2025-12-07 21:50:40.239] [PSS] [info] [35504|14920]streaming_driver_interface_impl.cpp:87 SubmitViewFrames: submit view frames {view_texture_handles: 2147496770 view_texture_handles: 2147495298 pose { orientation { } position { } }}, this= 0x21cb9839280
[2025-12-07 21:50:40.244] [PSS] [info] [35504|14920]streaming_driver_interface_impl.cpp:87 SubmitViewFrames: submit view frames {view_texture_handles: 2147496770 view_texture_handles: 2147495298 pose { orientation { } position { } }}, this= 0x21cb9839280
[2025-12-07 21:50:40.273] [PSS] [info] [35504|14920]streaming_driver_interface_impl.cpp:87 SubmitViewFrames: submit view frames {view_texture_handles: 2147496770 view_texture_handles: 2147495298 pose { orientation { } position { } }}, this= 0x21cb9839280
[2025-12-07 21:50:40.331] [PSS] [info] [35504|14920]streaming_driver_interface_impl.cpp:87 SubmitViewFrames: submit view frames {view_texture_handles: 2147496770 view_texture_handles: 2147495298 pose { orientation { } position { } }}, this= 0x21cb9839280
[2025-12-07 21:50:40.336] [PSS] [info] [35504|14920]streaming_driver_interface_impl.cpp:87 SubmitViewFrames: submit view frames {view_texture_handles: 2147496770 view_texture_handles: 2147495298 pose { orientation { } position { } }}, this= 0x21cb9839280
[2025-12-07 21:50:40.366] [PSS] [info] [35504|14920]streaming_driver_interface_impl.cpp:87 SubmitViewFrames: submit view frames {view_texture_handles: 2147496770 view_texture_handles: 2147495298 pose { orientation { } position { } }}, this= 0x21cb9839280
[2025-12-07 21:50:40.370] [PSS] [info] [35504|14920]streaming_driver_interface_impl.cpp:87 SubmitViewFrames: submit view frames {view_texture_handles: 2147496770 view_texture_handles: 2147495298 pose { orientation { } position { } }}, this= 0x21cb9839280
[2025-12-07 21:50:40.431] [PSS] [info] [35504|14920]streaming_driver_interface_impl.cpp:87 SubmitViewFrames: submit view frames {view_texture_handles: 2147496770 view_texture_handles: 2147495298 pose { orientation { } position { } }}, this= 0x21cb9839280
[2025-12-07 21:50:40.464] [PSS] [info] [35504|14920]streaming_driver_interface_impl.cpp:87 SubmitViewFrames: submit view frames {view_texture_handles: 2147496770 view_texture_handles: 2147495298 pose { orientation { } position { } }}, this= 0x21cb9839280
[2025-12-07 21:50:40.493] [PSS] [info] [35504|14920]streaming_driver_interface_impl.cpp:87 SubmitViewFrames: submit view frames {view_texture_handles: 2147496770 view_texture_handles: 2147495298 pose { orientation { } position { } }}, this= 0x21cb9839280
[2025-12-07 21:50:40.497] [PSS] [info] [35504|14920]streaming_driver_interface_impl.cpp:87 SubmitViewFrames: submit view frames {view_texture_handles: 2147496770 view_texture_handles: 2147495298 pose { orientation { } position { } }}, this= 0x21cb9839280
[2025-12-07 21:50:40.559] [PSS] [info] [35504|14920]streaming_driver_interface_impl.cpp:87 SubmitViewFrames: submit view frames {view_texture_handles: 2147496770 view_texture_handles: 2147495298 pose { orientation { } position { } }}, this= 0x21cb9839280
[2025-12-07 21:50:40.588] [PSS] [info] [35504|14920]streaming_driver_interface_impl.cpp:87 SubmitViewFrames: submit view frames {view_texture_handles: 2147496770 view_texture_handles: 2147495298 pose { orientation { } position { } }}, this= 0x21cb9839280
[2025-12-07 21:50:40.621] [PSS] [info] [35504|14920]streaming_driver_interface_impl.cpp:87 SubmitViewFrames: submit view frames {view_texture_handles: 2147496770 view_texture_handles: 2147495298 pose { orientation { } position { } }}, this= 0x21cb9839280
[2025-12-07 21:50:40.625] [PSS] [info] [35504|14920]streaming_driver_interface_impl.cpp:87 SubmitViewFrames: submit view frames {view_texture_handles: 2147496770 view_texture_handles: 2147495298 pose { orientation { } position { } }}, this= 0x21cb9839280
[2025-12-07 21:50:40.689] [PSS] [info] [35504|14920]streaming_driver_interface_impl.cpp:87 SubmitViewFrames: submit view frames {view_texture_handles: 2147496770 view_texture_handles: 2147495298 pose { orientation { } position { } }}, this= 0x21cb9839280
[2025-12-07 21:50:40.721] [PSS] [info] [35504|14920]streaming_driver_interface_impl.cpp:87 SubmitViewFrames: submit view frames {view_texture_handles: 2147496770 view_texture_handles: 2147495298 pose { orientation { } position { } }}, this= 0x21cb9839280
[2025-12-07 21:50:40.758] [PSS] [info] [35504|14920]streaming_driver_interface_impl.cpp:87 SubmitViewFrames: submit view frames {view_texture_handles: 2147496770 view_texture_handles: 2147495298 pose { orientation { } position { } }}, this= 0x21cb9839280
[2025-12-07 21:50:40.763] [PSS] [info] [35504|14920]streaming_driver_interface_impl.cpp:87 SubmitViewFrames: submit view frames {view_texture_handles: 2147496770 view_texture_handles: 2147495298 pose { orientation { } position { } }}, this= 0x21cb9839280
[2025-12-07 21:50:40.793] [PSS] [info] [35504|14920]streaming_driver_interface_impl.cpp:87 SubmitViewFrames: submit view frames {view_texture_handles: 2147496770 view_texture_handles: 2147495298 pose { orientation { } position { } }}, this= 0x21cb9839280
[2025-12-07 21:50:40.828] [PSS] [info] [35504|14920]streaming_driver_interface_impl.cpp:87 SubmitViewFrames: submit view frames {view_texture_handles: 2147496770 view_texture_handles: 2147495298 pose { orientation { } position { } }}, this= 0x21cb9839280
[2025-12-07 21:50:40.857] [PSS] [info] [35504|14920]streaming_driver_interface_impl.cpp:87 SubmitViewFrames: submit view frames {view_texture_handles: 2147496770 view_texture_handles: 2147495298 pose { orientation { } position { } }}, this= 0x21cb9839280
[2025-12-07 21:50:40.892] [PSS] [info] [35504|14920]streaming_driver_interface_impl.cpp:87 SubmitViewFrames: submit view frames {view_texture_handles: 2147496770 view_texture_handles: 2147495298 pose { orientation { } position { } }}, this= 0x21cb9839280
[2025-12-07 21:50:40.925] [PSS] [info] [35504|14920]streaming_driver_interface_impl.cpp:87 SubmitViewFrames: submit view frames {view_texture_handles: 2147496770 view_texture_handles: 2147495298 pose { orientation { } position { } }}, this= 0x21cb9839280
[2025-12-07 21:50:40.959] [PSS] [info] [35504|14920]streaming_driver_interface_impl.cpp:87 SubmitViewFrames: submit view frames {view_texture_handles: 2147496770 view_texture_handles: 2147495298 pose { orientation { } position { } }}, this= 0x21cb9839280
[2025-12-07 21:50:40.988] [PSS] [info] [35504|14920]streaming_driver_interface_impl.cpp:87 SubmitViewFrames: submit view frames {view_texture_handles: 2147496770 view_texture_handles: 2147495298 pose { orientation { } position { } }}, this= 0x21cb9839280
[2025-12-07 21:50:41.024] [PSS] [info] [35504|14920]streaming_driver_interface_impl.cpp:87 SubmitViewFrames: submit view frames {view_texture_handles: 2147496770 view_texture_handles: 2147495298 pose { orientation { } position { } }}, this= 0x21cb9839280
[2025-12-07 21:50:41.054] [PSS] [info] [35504|14920]streaming_driver_interface_impl.cpp:87 SubmitViewFrames: submit view frames {view_texture_handles: 2147496770 view_texture_handles: 2147495298 pose { orientation { } position { } }}, this= 0x21cb9839280
[2025-12-07 21:50:41.086] [PSS] [info] [35504|14920]streaming_driver_interface_impl.cpp:87 SubmitViewFrames: submit view frames {view_texture_handles: 2147496770 view_texture_handles: 2147495298 pose { orientation { } position { } }}, this= 0x21cb9839280
[2025-12-07 21:50:41.119] [PSS] [info] [35504|14920]streaming_driver_interface_impl.cpp:87 SubmitViewFrames: submit view frames {view_texture_handles: 2147496770 view_texture_handles: 2147495298 pose { orientation { } position { } }}, this= 0x21cb9839280
[2025-12-07 21:50:41.148] [PSS] [info] [35504|14920]streaming_driver_interface_impl.cpp:87 SubmitViewFrames: submit view frames {view_texture_handles: 2147496770 view_texture_handles: 2147495298 pose { orientation { } position { } }}, this= 0x21cb9839280
[2025-12-07 21:50:41.182] [PSS] [info] [35504|14920]streaming_driver_interface_impl.cpp:87 SubmitViewFrames: submit view frames {view_texture_handles: 2147496770 view_texture_handles: 2147495298 pose { orientation { } position { } }}, this= 0x21cb9839280
[2025-12-07 21:50:41.211] [PSS] [info] [35504|14920]streaming_driver_interface_impl.cpp:87 SubmitViewFrames: submit view frames {view_texture_handles: 2147496770 view_texture_handles: 2147495298 pose { orientation { } position { } }}, this= 0x21cb9839280
[2025-12-07 21:50:41.245] [PSS] [info] [35504|14920]streaming_driver_interface_impl.cpp:87 SubmitViewFrames: submit view frames {view_texture_handles: 2147496770 view_texture_handles: 2147495298 pose { orientation { } position { } }}, this= 0x21cb9839280
[2025-12-07 21:50:41.275] [PSS] [info] [35504|14920]streaming_driver_interface_impl.cpp:87 SubmitViewFrames: submit view frames {view_texture_handles: 2147496770 view_texture_handles: 2147495298 pose { orientation { } position { } }}, this= 0x21cb9839280
[2025-12-07 21:50:41.309] [PSS] [info] [35504|14920]streaming_driver_interface_impl.cpp:87 SubmitViewFrames: submit view frames {view_texture_handles: 2147496770 view_texture_handles: 2147495298 pose { orientation { } position { } }}, this= 0x21cb9839280
[2025-12-07 21:50:41.337] [PSS] [info] [35504|14920]streaming_driver_interface_impl.cpp:87 SubmitViewFrames: submit view frames {view_texture_handles: 2147496770 view_texture_handles: 2147495298 pose { orientation { } position { } }}, this= 0x21cb9839280
[2025-12-07 21:50:41.371] [PSS] [info] [35504|14920]streaming_driver_interface_impl.cpp:87 SubmitViewFrames: submit view frames {view_texture_handles: 2147496770 view_texture_handles: 2147495298 pose { orientation { } position { } }}, this= 0x21cb9839280
[2025-12-07 21:50:41.401] [PSS] [info] [35504|14920]streaming_driver_interface_impl.cpp:87 SubmitViewFrames: submit view frames {view_texture_handles: 2147496770 view_texture_handles: 2147495298 pose { orientation { } position { } }}, this= 0x21cb9839280
[2025-12-07 21:50:41.434] [PSS] [info] [35504|14920]streaming_driver_interface_impl.cpp:87 SubmitViewFrames: submit view frames {view_texture_handles: 2147496770 view_texture_handles: 2147495298 pose { orientation { } position { } }}, this= 0x21cb9839280
[2025-12-07 21:50:41.463] [PSS] [info] [35504|14920]streaming_driver_interface_impl.cpp:87 SubmitViewFrames: submit view frames {view_texture_handles: 2147496770 view_texture_handles: 2147495298 pose { orientation { } position { } }}, this= 0x21cb9839280
[2025-12-07 21:50:41.496] [PSS] [info] [35504|14920]streaming_driver_interface_impl.cpp:87 SubmitViewFrames: submit view frames {view_texture_handles: 2147496770 view_texture_handles: 2147495298 pose { orientation { } position { } }}, this= 0x21cb9839280
[2025-12-07 21:50:41.525] [PSS] [info] [35504|14920]streaming_driver_interface_impl.cpp:87 SubmitViewFrames: submit view frames {view_texture_handles: 2147496770 view_texture_handles: 2147495298 pose { orientation { } position { } }}, this= 0x21cb9839280
[2025-12-07 21:50:41.554] [PSS] [info] [35504|14920]streaming_driver_interface_impl.cpp:87 SubmitViewFrames: submit view frames {view_texture_handles: 2147496770 view_texture_handles: 2147495298 pose { orientation { } position { } }}, this= 0x21cb9839280
[2025-12-07 21:50:41.588] [PSS] [info] [35504|14920]streaming_driver_interface_impl.cpp:87 SubmitViewFrames: submit view frames {view_texture_handles: 2147496770 view_texture_handles: 2147495298 pose { orientation { } position { } }}, this= 0x21cb9839280
[2025-12-07 21:50:41.617] [PSS] [info] [35504|14920]streaming_driver_interface_impl.cpp:87 SubmitViewFrames: submit view frames {view_texture_handles: 2147496770 view_texture_handles: 2147495298 pose { orientation { } position { } }}, this= 0x21cb9839280
[2025-12-07 21:50:41.651] [PSS] [info] [35504|14920]streaming_driver_interface_impl.cpp:87 SubmitViewFrames: submit view frames {view_texture_handles: 2147496770 view_texture_handles: 2147495298 pose { orientation { } position { } }}, this= 0x21cb9839280
[2025-12-07 21:50:41.680] [PSS] [info] [35504|14920]streaming_driver_interface_impl.cpp:87 SubmitViewFrames: submit view frames {view_texture_handles: 2147496770 view_texture_handles: 2147495298 pose { orientation { } position { } }}, this= 0x21cb9839280
[2025-12-07 21:50:41.712] [PSS] [info] [35504|14920]streaming_driver_interface_impl.cpp:87 SubmitViewFrames: submit view frames {view_texture_handles: 2147496770 view_texture_handles: 2147495298 pose { orientation { } position { } }}, this= 0x21cb9839280
[2025-12-07 21:50:41.742] [PSS] [info] [35504|14920]streaming_driver_interface_impl.cpp:87 SubmitViewFrames: submit view frames {view_texture_handles: 2147496770 view_texture_handles: 2147495298 pose { orientation { } position { } }}, this= 0x21cb9839280
[2025-12-07 21:50:41.775] [PSS] [info] [35504|14920]streaming_driver_interface_impl.cpp:87 SubmitViewFrames: submit view frames {view_texture_handles: 2147496770 view_texture_handles: 2147495298 pose { orientation { } position { } }}, this= 0x21cb9839280
[2025-12-07 21:50:41.803] [PSS] [info] [35504|14920]streaming_driver_interface_impl.cpp:87 SubmitViewFrames: submit view frames {view_texture_handles: 2147496770 view_texture_handles: 2147495298 pose { orientation { } position { } }}, this= 0x21cb9839280
[2025-12-07 21:50:41.837] [PSS] [info] [35504|14920]streaming_driver_interface_impl.cpp:87 SubmitViewFrames: submit view frames {view_texture_handles: 2147496770 view_texture_handles: 2147495298 pose { orientation { } position { } }}, this= 0x21cb9839280
[2025-12-07 21:50:41.866] [PSS] [info] [35504|14920]streaming_driver_interface_impl.cpp:87 SubmitViewFrames: submit view frames {view_texture_handles: 2147496770 view_texture_handles: 2147495298 pose { orientation { } position { } }}, this= 0x21cb9839280
[2025-12-07 21:50:41.899] [PSS] [info] [35504|14920]streaming_driver_interface_impl.cpp:87 SubmitViewFrames: submit view frames {view_texture_handles: 2147496770 view_texture_handles: 2147495298 pose { orientation { } position { } }}, this= 0x21cb9839280
[2025-12-07 21:50:41.928] [PSS] [info] [35504|14920]streaming_driver_interface_impl.cpp:87 SubmitViewFrames: submit view frames {view_texture_handles: 2147496770 view_texture_handles: 2147495298 pose { orientation { } position { } }}, this= 0x21cb9839280
[2025-12-07 21:50:41.961] [PSS] [info] [35504|14920]streaming_driver_interface_impl.cpp:87 SubmitViewFrames: submit view frames {view_texture_handles: 2147496770 view_texture_handles: 2147495298 pose { orientation { } position { } }}, this= 0x21cb9839280
[2025-12-07 21:50:41.991] [PSS] [info] [35504|14920]streaming_driver_interface_impl.cpp:87 SubmitViewFrames: submit view frames {view_texture_handles: 2147496770 view_texture_handles: 2147495298 pose { orientation { } position { } }}, this= 0x21cb9839280
[2025-12-07 21:50:42.020] [PSS] [info] [35504|14920]streaming_driver_interface_impl.cpp:87 SubmitViewFrames: submit view frames {view_texture_handles: 2147496770 view_texture_handles: 2147495298 pose { orientation { } position { } }}, this= 0x21cb9839280
[2025-12-07 21:50:42.053] [PSS] [info] [35504|14920]streaming_driver_interface_impl.cpp:87 SubmitViewFrames: submit view frames {view_texture_handles: 2147496770 view_texture_handles: 2147495298 pose { orientation { } position { } }}, this= 0x21cb9839280
[2025-12-07 21:50:42.086] [PSS] [info] [35504|14920]streaming_driver_interface_impl.cpp:87 SubmitViewFrames: submit view frames {view_texture_handles: 2147496770 view_texture_handles: 2147495298 pose { orientation { } position { } }}, this= 0x21cb9839280
[2025-12-07 21:50:42.116] [PSS] [info] [35504|14920]streaming_driver_interface_impl.cpp:87 SubmitViewFrames: submit view frames {view_texture_handles: 2147496770 view_texture_handles: 2147495298 pose { orientation { } position { } }}, this= 0x21cb9839280
[2025-12-07 21:50:42.149] [PSS] [info] [35504|14920]streaming_driver_interface_impl.cpp:87 SubmitViewFrames: submit view frames {view_texture_handles: 2147496770 view_texture_handles: 2147495298 pose { orientation { } position { } }}, this= 0x21cb9839280
[2025-12-07 21:50:42.183] [PSS] [info] [35504|14920]streaming_driver_interface_impl.cpp:87 SubmitViewFrames: submit view frames {view_texture_handles: 2147496770 view_texture_handles: 2147495298 pose { orientation { } position { } }}, this= 0x21cb9839280
[2025-12-07 21:50:42.211] [PSS] [info] [35504|14920]streaming_driver_interface_impl.cpp:87 SubmitViewFrames: submit view frames {view_texture_handles: 2147496770 view_texture_handles: 2147495298 pose { orientation { } position { } }}, this= 0x21cb9839280
[2025-12-07 21:50:42.245] [PSS] [info] [35504|14920]streaming_driver_interface_impl.cpp:87 SubmitViewFrames: submit view frames {view_texture_handles: 2147496770 view_texture_handles: 2147495298 pose { orientation { } position { } }}, this= 0x21cb9839280
[2025-12-07 21:50:42.275] [PSS] [info] [35504|14920]streaming_driver_interface_impl.cpp:87 SubmitViewFrames: submit view frames {view_texture_handles: 2147496770 view_texture_handles: 2147495298 pose { orientation { } position { } }}, this= 0x21cb9839280
[2025-12-07 21:50:42.304] [PSS] [info] [35504|14920]streaming_driver_interface_impl.cpp:87 SubmitViewFrames: submit view frames {view_texture_handles: 2147496770 view_texture_handles: 2147495298 pose { orientation { } position { } }}, this= 0x21cb9839280
[2025-12-07 21:50:42.336] [PSS] [info] [35504|14920]streaming_driver_interface_impl.cpp:87 SubmitViewFrames: submit view frames {view_texture_handles: 2147496770 view_texture_handles: 2147495298 pose { orientation { } position { } }}, this= 0x21cb9839280
[2025-12-07 21:50:42.370] [PSS] [info] [35504|14920]streaming_driver_interface_impl.cpp:87 SubmitViewFrames: submit view frames {view_texture_handles: 2147496770 view_texture_handles: 2147495298 pose { orientation { } position { } }}, this= 0x21cb9839280
[2025-12-07 21:50:42.399] [PSS] [info] [35504|14920]streaming_driver_interface_impl.cpp:87 SubmitViewFrames: submit view frames {view_texture_handles: 2147496770 view_texture_handles: 2147495298 pose { orientation { } position { } }}, this= 0x21cb9839280
[2025-12-07 21:50:42.432] [PSS] [info] [35504|14920]streaming_driver_interface_impl.cpp:87 SubmitViewFrames: submit view frames {view_texture_handles: 2147496770 view_texture_handles: 2147495298 pose { orientation { } position { } }}, this= 0x21cb9839280
[2025-12-07 21:50:42.465] [PSS] [info] [35504|14920]streaming_driver_interface_impl.cpp:87 SubmitViewFrames: submit view frames {view_texture_handles: 2147496770 view_texture_handles: 2147495298 pose { orientation { } position { } }}, this= 0x21cb9839280
[2025-12-07 21:50:42.498] [PSS] [info] [35504|14920]streaming_driver_interface_impl.cpp:87 SubmitViewFrames: submit view frames {view_texture_handles: 2147496770 view_texture_handles: 2147495298 pose { orientation { } position { } }}, this= 0x21cb9839280
[2025-12-07 21:50:42.528] [PSS] [info] [35504|14920]streaming_driver_interface_impl.cpp:87 SubmitViewFrames: submit view frames {view_texture_handles: 2147496770 view_texture_handles: 2147495298 pose { orientation { } position { } }}, this= 0x21cb9839280
[2025-12-07 21:50:42.561] [PSS] [info] [35504|14920]streaming_driver_interface_impl.cpp:87 SubmitViewFrames: submit view frames {view_texture_handles: 2147496770 view_texture_handles: 2147495298 pose { orientation { } position { } }}, this= 0x21cb9839280
[2025-12-07 21:50:42.590] [PSS] [info] [35504|14920]streaming_driver_interface_impl.cpp:87 SubmitViewFrames: submit view frames {view_texture_handles: 2147496770 view_texture_handles: 2147495298 pose { orientation { } position { } }}, this= 0x21cb9839280
[2025-12-07 21:50:42.624] [PSS] [info] [35504|14920]streaming_driver_interface_impl.cpp:87 SubmitViewFrames: submit view frames {view_texture_handles: 2147496770 view_texture_handles: 2147495298 pose { orientation { } position { } }}, this= 0x21cb9839280
[2025-12-07 21:50:42.653] [PSS] [info] [35504|14920]streaming_driver_interface_impl.cpp:87 SubmitViewFrames: submit view frames {view_texture_handles: 2147496770 view_texture_handles: 2147495298 pose { orientation { } position { } }}, this= 0x21cb9839280
[2025-12-07 21:50:42.686] [PSS] [info] [35504|14920]streaming_driver_interface_impl.cpp:87 SubmitViewFrames: submit view frames {view_texture_handles: 2147496770 view_texture_handles: 2147495298 pose { orientation { } position { } }}, this= 0x21cb9839280
[2025-12-07 21:50:42.715] [PSS] [info] [35504|14920]streaming_driver_interface_impl.cpp:87 SubmitViewFrames: submit view frames {view_texture_handles: 2147496770 view_texture_handles: 2147495298 pose { orientation { } position { } }}, this= 0x21cb9839280
[2025-12-07 21:50:42.749] [PSS] [info] [35504|14920]streaming_driver_interface_impl.cpp:87 SubmitViewFrames: submit view frames {view_texture_handles: 2147496770 view_texture_handles: 2147495298 pose { orientation { } position { } }}, this= 0x21cb9839280
[2025-12-07 21:50:42.778] [PSS] [info] [35504|14920]streaming_driver_interface_impl.cpp:87 SubmitViewFrames: submit view frames {view_texture_handles: 2147496770 view_texture_handles: 2147495298 pose { orientation { } position { } }}, this= 0x21cb9839280
[2025-12-07 21:50:42.811] [PSS] [info] [35504|14920]streaming_driver_interface_impl.cpp:87 SubmitViewFrames: submit view frames {view_texture_handles: 2147496770 view_texture_handles: 2147495298 pose { orientation { } position { } }}, this= 0x21cb9839280
[2025-12-07 21:50:42.840] [PSS] [info] [35504|14920]streaming_driver_interface_impl.cpp:87 SubmitViewFrames: submit view frames {view_texture_handles: 2147496770 view_texture_handles: 2147495298 pose { orientation { } position { } }}, this= 0x21cb9839280
[2025-12-07 21:50:42.873] [PSS] [info] [35504|14920]streaming_driver_interface_impl.cpp:87 SubmitViewFrames: submit view frames {view_texture_handles: 2147496770 view_texture_handles: 2147495298 pose { orientation { } position { } }}, this= 0x21cb9839280
[2025-12-07 21:50:42.903] [PSS] [info] [35504|14920]streaming_driver_interface_impl.cpp:87 SubmitViewFrames: submit view frames {view_texture_handles: 2147496770 view_texture_handles: 2147495298 pose { orientation { } position { } }}, this= 0x21cb9839280
[2025-12-07 21:50:42.936] [PSS] [info] [35504|14920]streaming_driver_interface_impl.cpp:87 SubmitViewFrames: submit view frames {view_texture_handles: 2147496770 view_texture_handles: 2147495298 pose { orientation { } position { } }}, this= 0x21cb9839280
[2025-12-07 21:50:42.970] [PSS] [info] [35504|14920]streaming_driver_interface_impl.cpp:87 SubmitViewFrames: submit view frames {view_texture_handles: 2147496770 view_texture_handles: 2147495298 pose { orientation { } position { } }}, this= 0x21cb9839280
[2025-12-07 21:50:43.000] [PSS] [info] [35504|14920]streaming_driver_interface_impl.cpp:87 SubmitViewFrames: submit view frames {view_texture_handles: 2147496770 view_texture_handles: 2147495298 pose { orientation { } position { } }}, this= 0x21cb9839280
[2025-12-07 21:50:43.033] [PSS] [info] [35504|14920]streaming_driver_interface_impl.cpp:87 SubmitViewFrames: submit view frames {view_texture_handles: 2147496770 view_texture_handles: 2147495298 pose { orientation { } position { } }}, this= 0x21cb9839280
[2025-12-07 21:50:43.067] [PSS] [info] [35504|14920]streaming_driver_interface_impl.cpp:87 SubmitViewFrames: submit view frames {view_texture_handles: 2147496770 view_texture_handles: 2147495298 pose { orientation { } position { } }}, this= 0x21cb9839280
[2025-12-07 21:50:43.096] [PSS] [info] [35504|14920]streaming_driver_interface_impl.cpp:87 SubmitViewFrames: submit view frames {view_texture_handles: 2147496770 view_texture_handles: 2147495298 pose { orientation { } position { } }}, this= 0x21cb9839280
[2025-12-07 21:50:43.128] [PSS] [info] [35504|14920]streaming_driver_interface_impl.cpp:87 SubmitViewFrames: submit view frames {view_texture_handles: 2147496770 view_texture_handles: 2147495298 pose { orientation { } position { } }}, this= 0x21cb9839280
[2025-12-07 21:50:43.157] [PSS] [info] [35504|14920]streaming_driver_interface_impl.cpp:87 SubmitViewFrames: submit view frames {view_texture_handles: 2147496770 view_texture_handles: 2147495298 pose { orientation { } position { } }}, this= 0x21cb9839280
[2025-12-07 21:50:43.187] [PSS] [info] [35504|14920]streaming_driver_interface_impl.cpp:87 SubmitViewFrames: submit view frames {view_texture_handles: 2147496770 view_texture_handles: 2147495298 pose { orientation { } position { } }}, this= 0x21cb9839280
[2025-12-07 21:50:43.219] [PSS] [info] [35504|14920]streaming_driver_interface_impl.cpp:87 SubmitViewFrames: submit view frames {view_texture_handles: 2147496770 view_texture_handles: 2147495298 pose { orientation { } position { } }}, this= 0x21cb9839280
[2025-12-07 21:50:43.248] [PSS] [info] [35504|14920]streaming_driver_interface_impl.cpp:87 SubmitViewFrames: submit view frames {view_texture_handles: 2147496770 view_texture_handles: 2147495298 pose { orientation { } position { } }}, this= 0x21cb9839280
[2025-12-07 21:50:43.282] [PSS] [info] [35504|14920]streaming_driver_interface_impl.cpp:87 SubmitViewFrames: submit view frames {view_texture_handles: 2147496770 view_texture_handles: 2147495298 pose { orientation { } position { } }}, this= 0x21cb9839280
[2025-12-07 21:50:43.311] [PSS] [info] [35504|14920]streaming_driver_interface_impl.cpp:87 SubmitViewFrames: submit view frames {view_texture_handles: 2147496770 view_texture_handles: 2147495298 pose { orientation { } position { } }}, this= 0x21cb9839280
[2025-12-07 21:50:43.344] [PSS] [info] [35504|14920]streaming_driver_interface_impl.cpp:87 SubmitViewFrames: submit view frames {view_texture_handles: 2147496770 view_texture_handles: 2147495298 pose { orientation { } position { } }}, this= 0x21cb9839280
[2025-12-07 21:50:43.374] [PSS] [info] [35504|14920]streaming_driver_interface_impl.cpp:87 SubmitViewFrames: submit view frames {view_texture_handles: 2147496770 view_texture_handles: 2147495298 pose { orientation { } position { } }}, this= 0x21cb9839280
[2025-12-07 21:50:43.411] [PSS] [info] [35504|14920]streaming_driver_interface_impl.cpp:87 SubmitViewFrames: submit view frames {view_texture_handles: 2147496770 view_texture_handles: 2147495298 pose { orientation { } position { } }}, this= 0x21cb9839280
[2025-12-07 21:50:43.440] [PSS] [info] [35504|14920]streaming_driver_interface_impl.cpp:87 SubmitViewFrames: submit view frames {view_texture_handles: 2147496770 view_texture_handles: 2147495298 pose { orientation { } position { } }}, this= 0x21cb9839280
[2025-12-07 21:50:43.472] [PSS] [info] [35504|14920]streaming_driver_interface_impl.cpp:87 SubmitViewFrames: submit view frames {view_texture_handles: 2147496770 view_texture_handles: 2147495298 pose { orientation { } position { } }}, this= 0x21cb9839280
[2025-12-07 21:50:43.507] [PSS] [info] [35504|14920]streaming_driver_interface_impl.cpp:87 SubmitViewFrames: submit view frames {view_texture_handles: 2147496770 view_texture_handles: 2147495298 pose { orientation { } position { } }}, this= 0x21cb9839280
[2025-12-07 21:50:43.535] [PSS] [info] [35504|14920]streaming_driver_interface_impl.cpp:87 SubmitViewFrames: submit view frames {view_texture_handles: 2147496770 view_texture_handles: 2147495298 pose { orientation { } position { } }}, this= 0x21cb9839280
[2025-12-07 21:50:43.569] [PSS] [info] [35504|14920]streaming_driver_interface_impl.cpp:87 SubmitViewFrames: submit view frames {view_texture_handles: 2147496770 view_texture_handles: 2147495298 pose { orientation { } position { } }}, this= 0x21cb9839280
[2025-12-07 21:50:43.599] [PSS] [info] [35504|14920]streaming_driver_interface_impl.cpp:87 SubmitViewFrames: submit view frames {view_texture_handles: 2147496770 view_texture_handles: 2147495298 pose { orientation { } position { } }}, this= 0x21cb9839280
[2025-12-07 21:50:43.632] [PSS] [info] [35504|14920]streaming_driver_interface_impl.cpp:87 SubmitViewFrames: submit view frames {view_texture_handles: 2147496770 view_texture_handles: 2147495298 pose { orientation { } position { } }}, this= 0x21cb9839280
[2025-12-07 21:50:43.665] [PSS] [info] [35504|14920]streaming_driver_interface_impl.cpp:87 SubmitViewFrames: submit view frames {view_texture_handles: 2147496770 view_texture_handles: 2147495298 pose { orientation { } position { } }}, this= 0x21cb9839280
[2025-12-07 21:50:43.695] [PSS] [info] [35504|14920]streaming_driver_interface_impl.cpp:87 SubmitViewFrames: submit view frames {view_texture_handles: 2147496770 view_texture_handles: 2147495298 pose { orientation { } position { } }}, this= 0x21cb9839280
[2025-12-07 21:50:43.728] [PSS] [info] [35504|14920]streaming_driver_interface_impl.cpp:87 SubmitViewFrames: submit view frames {view_texture_handles: 2147496770 view_texture_handles: 2147495298 pose { orientation { } position { } }}, this= 0x21cb9839280
[2025-12-07 21:50:43.758] [PSS] [info] [35504|14920]streaming_driver_interface_impl.cpp:87 SubmitViewFrames: submit view frames {view_texture_handles: 2147496770 view_texture_handles: 2147495298 pose { orientation { } position { } }}, this= 0x21cb9839280
[2025-12-07 21:50:43.792] [PSS] [info] [35504|14920]streaming_driver_interface_impl.cpp:87 SubmitViewFrames: submit view frames {view_texture_handles: 2147496770 view_texture_handles: 2147495298 pose { orientation { } position { } }}, this= 0x21cb9839280
[2025-12-07 21:50:43.820] [PSS] [info] [35504|14920]streaming_driver_interface_impl.cpp:87 SubmitViewFrames: submit view frames {view_texture_handles: 2147496770 view_texture_handles: 2147495298 pose { orientation { } position { } }}, this= 0x21cb9839280
[2025-12-07 21:50:43.854] [PSS] [info] [35504|14920]streaming_driver_interface_impl.cpp:87 SubmitViewFrames: submit view frames {view_texture_handles: 2147496770 view_texture_handles: 2147495298 pose { orientation { } position { } }}, this= 0x21cb9839280
[2025-12-07 21:50:43.884] [PSS] [info] [35504|14920]streaming_driver_interface_impl.cpp:87 SubmitViewFrames: submit view frames {view_texture_handles: 2147496770 view_texture_handles: 2147495298 pose { orientation { } position { } }}, this= 0x21cb9839280
[2025-12-07 21:50:43.916] [PSS] [info] [35504|14920]streaming_driver_interface_impl.cpp:87 SubmitViewFrames: submit view frames {view_texture_handles: 2147496770 view_texture_handles: 2147495298 pose { orientation { } position { } }}, this= 0x21cb9839280
[2025-12-07 21:50:43.949] [PSS] [info] [35504|14920]streaming_driver_interface_impl.cpp:87 SubmitViewFrames: submit view frames {view_texture_handles: 2147496770 view_texture_handles: 2147495298 pose { orientation { } position { } }}, this= 0x21cb9839280
[2025-12-07 21:50:43.978] [PSS] [info] [35504|14920]streaming_driver_interface_impl.cpp:87 SubmitViewFrames: submit view frames {view_texture_handles: 2147496770 view_texture_handles: 2147495298 pose { orientation { } position { } }}, this= 0x21cb9839280
[2025-12-07 21:50:44.012] [PSS] [info] [35504|14920]streaming_driver_interface_impl.cpp:87 SubmitViewFrames: submit view frames {view_texture_handles: 2147496770 view_texture_handles: 2147495298 pose { orientation { } position { } }}, this= 0x21cb9839280
[2025-12-07 21:50:44.042] [PSS] [info] [35504|14920]streaming_driver_interface_impl.cpp:87 SubmitViewFrames: submit view frames {view_texture_handles: 2147496770 view_texture_handles: 2147495298 pose { orientation { } position { } }}, this= 0x21cb9839280
[2025-12-07 21:50:44.071] [PSS] [info] [35504|14920]streaming_driver_interface_impl.cpp:87 SubmitViewFrames: submit view frames {view_texture_handles: 2147496770 view_texture_handles: 2147495298 pose { orientation { } position { } }}, this= 0x21cb9839280
[2025-12-07 21:50:44.104] [PSS] [info] [35504|14920]streaming_driver_interface_impl.cpp:87 SubmitViewFrames: submit view frames {view_texture_handles: 2147496770 view_texture_handles: 2147495298 pose { orientation { } position { } }}, this= 0x21cb9839280
[2025-12-07 21:50:44.133] [PSS] [info] [35504|14920]streaming_driver_interface_impl.cpp:87 SubmitViewFrames: submit view frames {view_texture_handles: 2147496770 view_texture_handles: 2147495298 pose { orientation { } position { } }}, this= 0x21cb9839280
[2025-12-07 21:50:44.166] [PSS] [info] [35504|14920]streaming_driver_interface_impl.cpp:87 SubmitViewFrames: submit view frames {view_texture_handles: 2147496770 view_texture_handles: 2147495298 pose { orientation { } position { } }}, this= 0x21cb9839280
[2025-12-07 21:50:44.199] [PSS] [info] [35504|14920]streaming_driver_interface_impl.cpp:87 SubmitViewFrames: submit view frames {view_texture_handles: 2147496770 view_texture_handles: 2147495298 pose { orientation { } position { } }}, this= 0x21cb9839280
[2025-12-07 21:50:44.228] [PSS] [info] [35504|14920]streaming_driver_interface_impl.cpp:87 SubmitViewFrames: submit view frames {view_texture_handles: 2147496770 view_texture_handles: 2147495298 pose { orientation { } position { } }}, this= 0x21cb9839280
[2025-12-07 21:50:44.264] [PSS] [info] [35504|14920]streaming_driver_interface_impl.cpp:87 SubmitViewFrames: submit view frames {view_texture_handles: 2147496770 view_texture_handles: 2147495298 pose { orientation { } position { } }}, this= 0x21cb9839280
[2025-12-07 21:50:44.295] [PSS] [info] [35504|14920]streaming_driver_interface_impl.cpp:87 SubmitViewFrames: submit view frames {view_texture_handles: 2147496770 view_texture_handles: 2147495298 pose { orientation { } position { } }}, this= 0x21cb9839280
[2025-12-07 21:50:44.328] [PSS] [info] [35504|14920]streaming_driver_interface_impl.cpp:87 SubmitViewFrames: submit view frames {view_texture_handles: 2147496770 view_texture_handles: 2147495298 pose { orientation { } position { } }}, this= 0x21cb9839280
[2025-12-07 21:50:44.358] [PSS] [info] [35504|14920]streaming_driver_interface_impl.cpp:87 SubmitViewFrames: submit view frames {view_texture_handles: 2147496770 view_texture_handles: 2147495298 pose { orientation { } position { } }}, this= 0x21cb9839280
[2025-12-07 21:50:44.392] [PSS] [info] [35504|14920]streaming_driver_interface_impl.cpp:87 SubmitViewFrames: submit view frames {view_texture_handles: 2147496770 view_texture_handles: 2147495298 pose { orientation { } position { } }}, this= 0x21cb9839280
[2025-12-07 21:50:44.425] [PSS] [info] [35504|14920]streaming_driver_interface_impl.cpp:87 SubmitViewFrames: submit view frames {view_texture_handles: 2147496770 view_texture_handles: 2147495298 pose { orientation { } position { } }}, this= 0x21cb9839280
[2025-12-07 21:50:44.453] [PSS] [info] [35504|14920]streaming_driver_interface_impl.cpp:87 SubmitViewFrames: submit view frames {view_texture_handles: 2147496770 view_texture_handles: 2147495298 pose { orientation { } position { } }}, this= 0x21cb9839280
[2025-12-07 21:50:44.487] [PSS] [info] [35504|14920]streaming_driver_interface_impl.cpp:87 SubmitViewFrames: submit view frames {view_texture_handles: 2147496770 view_texture_handles: 2147495298 pose { orientation { } position { } }}, this= 0x21cb9839280
[2025-12-07 21:50:44.516] [PSS] [info] [35504|14920]streaming_driver_interface_impl.cpp:87 SubmitViewFrames: submit view frames {view_texture_handles: 2147496770 view_texture_handles: 2147495298 pose { orientation { } position { } }}, this= 0x21cb9839280
[2025-12-07 21:50:44.550] [PSS] [info] [35504|14920]streaming_driver_interface_impl.cpp:87 SubmitViewFrames: submit view frames {view_texture_handles: 2147496770 view_texture_handles: 2147495298 pose { orientation { } position { } }}, this= 0x21cb9839280
[2025-12-07 21:50:44.579] [PSS] [info] [35504|14920]streaming_driver_interface_impl.cpp:87 SubmitViewFrames: submit view frames {view_texture_handles: 2147496770 view_texture_handles: 2147495298 pose { orientation { } position { } }}, this= 0x21cb9839280
[2025-12-07 21:50:44.612] [PSS] [info] [35504|14920]streaming_driver_interface_impl.cpp:87 SubmitViewFrames: submit view frames {view_texture_handles: 2147496770 view_texture_handles: 2147495298 pose { orientation { } position { } }}, this= 0x21cb9839280
[2025-12-07 21:50:44.642] [PSS] [info] [35504|14920]streaming_driver_interface_impl.cpp:87 SubmitViewFrames: submit view frames {view_texture_handles: 2147496770 view_texture_handles: 2147495298 pose { orientation { } position { } }}, this= 0x21cb9839280
[2025-12-07 21:50:44.675] [PSS] [info] [35504|14920]streaming_driver_interface_impl.cpp:87 SubmitViewFrames: submit view frames {view_texture_handles: 2147496770 view_texture_handles: 2147495298 pose { orientation { } position { } }}, this= 0x21cb9839280
[2025-12-07 21:50:44.709] [PSS] [info] [35504|14920]streaming_driver_interface_impl.cpp:87 SubmitViewFrames: submit view frames {view_texture_handles: 2147496770 view_texture_handles: 2147495298 pose { orientation { } position { } }}, this= 0x21cb9839280
[2025-12-07 21:50:44.738] [PSS] [info] [35504|14920]streaming_driver_interface_impl.cpp:87 SubmitViewFrames: submit view frames {view_texture_handles: 2147496770 view_texture_handles: 2147495298 pose { orientation { } position { } }}, this= 0x21cb9839280
[2025-12-07 21:50:44.771] [PSS] [info] [35504|14920]streaming_driver_interface_impl.cpp:87 SubmitViewFrames: submit view frames {view_texture_handles: 2147496770 view_texture_handles: 2147495298 pose { orientation { } position { } }}, this= 0x21cb9839280
[2025-12-07 21:50:44.800] [PSS] [info] [35504|14920]streaming_driver_interface_impl.cpp:87 SubmitViewFrames: submit view frames {view_texture_handles: 2147496770 view_texture_handles: 2147495298 pose { orientation { } position { } }}, this= 0x21cb9839280
[2025-12-07 21:50:44.833] [PSS] [info] [35504|14920]streaming_driver_interface_impl.cpp:87 SubmitViewFrames: submit view frames {view_texture_handles: 2147496770 view_texture_handles: 2147495298 pose { orientation { } position { } }}, this= 0x21cb9839280
[2025-12-07 21:50:44.867] [PSS] [info] [35504|14920]streaming_driver_interface_impl.cpp:87 SubmitViewFrames: submit view frames {view_texture_handles: 2147496770 view_texture_handles: 2147495298 pose { orientation { } position { } }}, this= 0x21cb9839280
[2025-12-07 21:50:44.895] [PSS] [info] [35504|14920]streaming_driver_interface_impl.cpp:87 SubmitViewFrames: submit view frames {view_texture_handles: 2147496770 view_texture_handles: 2147495298 pose { orientation { } position { } }}, this= 0x21cb9839280
[2025-12-07 21:50:44.929] [PSS] [info] [35504|14920]streaming_driver_interface_impl.cpp:87 SubmitViewFrames: submit view frames {view_texture_handles: 2147496770 view_texture_handles: 2147495298 pose { orientation { } position { } }}, this= 0x21cb9839280
[2025-12-07 21:50:44.958] [PSS] [info] [35504|14920]streaming_driver_interface_impl.cpp:87 SubmitViewFrames: submit view frames {view_texture_handles: 2147496770 view_texture_handles: 2147495298 pose { orientation { } position { } }}, this= 0x21cb9839280
[2025-12-07 21:50:44.992] [PSS] [info] [35504|14920]streaming_driver_interface_impl.cpp:87 SubmitViewFrames: submit view frames {view_texture_handles: 2147496770 view_texture_handles: 2147495298 pose { orientation { } position { } }}, this= 0x21cb9839280
[2025-12-07 21:50:45.022] [PSS] [info] [35504|14920]streaming_driver_interface_impl.cpp:87 SubmitViewFrames: submit view frames {view_texture_handles: 2147496770 view_texture_handles: 2147495298 pose { orientation { } position { } }}, this= 0x21cb9839280
[2025-12-07 21:50:45.062] [PSS] [info] [35504|14920]streaming_driver_interface_impl.cpp:87 SubmitViewFrames: submit view frames {view_texture_handles: 2147496770 view_texture_handles: 2147495298 pose { orientation { } position { } }}, this= 0x21cb9839280
[2025-12-07 21:50:45.091] [PSS] [info] [35504|14920]streaming_driver_interface_impl.cpp:87 SubmitViewFrames: submit view frames {view_texture_handles: 2147496770 view_texture_handles: 2147495298 pose { orientation { } position { } }}, this= 0x21cb9839280
[2025-12-07 21:50:45.125] [PSS] [info] [35504|14920]streaming_driver_interface_impl.cpp:87 SubmitViewFrames: submit view frames {view_texture_handles: 2147496770 view_texture_handles: 2147495298 pose { orientation { } position { } }}, this= 0x21cb9839280
[2025-12-07 21:50:45.155] [PSS] [info] [35504|14920]streaming_driver_interface_impl.cpp:87 SubmitViewFrames: submit view frames {view_texture_handles: 2147496770 view_texture_handles: 2147495298 pose { orientation { } position { } }}, this= 0x21cb9839280
[2025-12-07 21:50:45.186] [PSS] [info] [35504|14920]streaming_driver_interface_impl.cpp:87 SubmitViewFrames: submit view frames {view_texture_handles: 2147496770 view_texture_handles: 2147495298 pose { orientation { } position { } }}, this= 0x21cb9839280
[2025-12-07 21:50:45.222] [PSS] [info] [35504|14920]streaming_driver_interface_impl.cpp:87 SubmitViewFrames: submit view frames {view_texture_handles: 2147496770 view_texture_handles: 2147495298 pose { orientation { } position { } }}, this= 0x21cb9839280
[2025-12-07 21:50:45.251] [PSS] [info] [35504|14920]streaming_driver_interface_impl.cpp:87 SubmitViewFrames: submit view frames {view_texture_handles: 2147496770 view_texture_handles: 2147495298 pose { orientation { } position { } }}, this= 0x21cb9839280
[2025-12-07 21:50:45.286] [PSS] [info] [35504|14920]streaming_driver_interface_impl.cpp:87 SubmitViewFrames: submit view frames {view_texture_handles: 2147496770 view_texture_handles: 2147495298 pose { orientation { } position { } }}, this= 0x21cb9839280
[2025-12-07 21:50:45.315] [PSS] [info] [35504|14920]streaming_driver_interface_impl.cpp:87 SubmitViewFrames: submit view frames {view_texture_handles: 2147496770 view_texture_handles: 2147495298 pose { orientation { } position { } }}, this= 0x21cb9839280
[2025-12-07 21:50:45.351] [PSS] [info] [35504|14920]streaming_driver_interface_impl.cpp:87 SubmitViewFrames: submit view frames {view_texture_handles: 2147496770 view_texture_handles: 2147495298 pose { orientation { } position { } }}, this= 0x21cb9839280
[2025-12-07 21:50:45.380] [PSS] [info] [35504|14920]streaming_driver_interface_impl.cpp:87 SubmitViewFrames: submit view frames {view_texture_handles: 2147496770 view_texture_handles: 2147495298 pose { orientation { } position { } }}, this= 0x21cb9839280
[2025-12-07 21:50:45.411] [PSS] [info] [35504|14920]streaming_driver_interface_impl.cpp:87 SubmitViewFrames: submit view frames {view_texture_handles: 2147496770 view_texture_handles: 2147495298 pose { orientation { } position { } }}, this= 0x21cb9839280
[2025-12-07 21:50:45.444] [PSS] [info] [35504|14920]streaming_driver_interface_impl.cpp:87 SubmitViewFrames: submit view frames {view_texture_handles: 2147496770 view_texture_handles: 2147495298 pose { orientation { } position { } }}, this= 0x21cb9839280
[2025-12-07 21:50:45.474] [PSS] [info] [35504|14920]streaming_driver_interface_impl.cpp:87 SubmitViewFrames: submit view frames {view_texture_handles: 2147496770 view_texture_handles: 2147495298 pose { orientation { } position { } }}, this= 0x21cb9839280
[2025-12-07 21:50:45.502] [PSS] [info] [35504|14920]streaming_driver_interface_impl.cpp:87 SubmitViewFrames: submit view frames {view_texture_handles: 2147496770 view_texture_handles: 2147495298 pose { orientation { } position { } }}, this= 0x21cb9839280
[2025-12-07 21:50:45.535] [PSS] [info] [35504|14920]streaming_driver_interface_impl.cpp:87 SubmitViewFrames: submit view frames {view_texture_handles: 2147496770 view_texture_handles: 2147495298 pose { orientation { } position { } }}, this= 0x21cb9839280
[2025-12-07 21:50:45.564] [PSS] [info] [35504|14920]streaming_driver_interface_impl.cpp:87 SubmitViewFrames: submit view frames {view_texture_handles: 2147496770 view_texture_handles: 2147495298 pose { orientation { } position { } }}, this= 0x21cb9839280
[2025-12-07 21:50:45.598] [PSS] [info] [35504|14920]streaming_driver_interface_impl.cpp:87 SubmitViewFrames: submit view frames {view_texture_handles: 2147496770 view_texture_handles: 2147495298 pose { orientation { } position { } }}, this= 0x21cb9839280
[2025-12-07 21:50:45.627] [PSS] [info] [35504|14920]streaming_driver_interface_impl.cpp:87 SubmitViewFrames: submit view frames {view_texture_handles: 2147496770 view_texture_handles: 2147495298 pose { orientation { } position { } }}, this= 0x21cb9839280
[2025-12-07 21:50:45.660] [PSS] [info] [35504|14920]streaming_driver_interface_impl.cpp:87 SubmitViewFrames: submit view frames {view_texture_handles: 2147496770 view_texture_handles: 2147495298 pose { orientation { } position { } }}, this= 0x21cb9839280
[2025-12-07 21:50:45.689] [PSS] [info] [35504|14920]streaming_driver_interface_impl.cpp:87 SubmitViewFrames: submit view frames {view_texture_handles: 2147496770 view_texture_handles: 2147495298 pose { orientation { } position { } }}, this= 0x21cb9839280
[2025-12-07 21:50:45.718] [PSS] [info] [35504|14920]streaming_driver_interface_impl.cpp:87 SubmitViewFrames: submit view frames {view_texture_handles: 2147496770 view_texture_handles: 2147495298 pose { orientation { } position { } }}, this= 0x21cb9839280
[2025-12-07 21:50:45.750] [PSS] [info] [35504|14920]streaming_driver_interface_impl.cpp:87 SubmitViewFrames: submit view frames {view_texture_handles: 2147496770 view_texture_handles: 2147495298 pose { orientation { } position { } }}, this= 0x21cb9839280
[2025-12-07 21:50:45.783] [PSS] [info] [35504|14920]streaming_driver_interface_impl.cpp:87 SubmitViewFrames: submit view frames {view_texture_handles: 2147496770 view_texture_handles: 2147495298 pose { orientation { } position { } }}, this= 0x21cb9839280
[2025-12-07 21:50:45.812] [PSS] [info] [35504|14920]streaming_driver_interface_impl.cpp:87 SubmitViewFrames: submit view frames {view_texture_handles: 2147496770 view_texture_handles: 2147495298 pose { orientation { } position { } }}, this= 0x21cb9839280
[2025-12-07 21:50:45.845] [PSS] [info] [35504|14920]streaming_driver_interface_impl.cpp:87 SubmitViewFrames: submit view frames {view_texture_handles: 2147496770 view_texture_handles: 2147495298 pose { orientation { } position { } }}, this= 0x21cb9839280
[2025-12-07 21:50:45.875] [PSS] [info] [35504|14920]streaming_driver_interface_impl.cpp:87 SubmitViewFrames: submit view frames {view_texture_handles: 2147496770 view_texture_handles: 2147495298 pose { orientation { } position { } }}, this= 0x21cb9839280
[2025-12-07 21:50:45.904] [PSS] [info] [35504|14920]streaming_driver_interface_impl.cpp:87 SubmitViewFrames: submit view frames {view_texture_handles: 2147496770 view_texture_handles: 2147495298 pose { orientation { } position { } }}, this= 0x21cb9839280
[2025-12-07 21:50:45.938] [PSS] [info] [35504|14920]streaming_driver_interface_impl.cpp:87 SubmitViewFrames: submit view frames {view_texture_handles: 2147496770 view_texture_handles: 2147495298 pose { orientation { } position { } }}, this= 0x21cb9839280
[2025-12-07 21:50:45.966] [PSS] [info] [35504|14920]streaming_driver_interface_impl.cpp:87 SubmitViewFrames: submit view frames {view_texture_handles: 2147496770 view_texture_handles: 2147495298 pose { orientation { } position { } }}, this= 0x21cb9839280
[2025-12-07 21:50:46.000] [PSS] [info] [35504|14920]streaming_driver_interface_impl.cpp:87 SubmitViewFrames: submit view frames {view_texture_handles: 2147496770 view_texture_handles: 2147495298 pose { orientation { } position { } }}, this= 0x21cb9839280
[2025-12-07 21:50:46.029] [PSS] [info] [35504|14920]streaming_driver_interface_impl.cpp:87 SubmitViewFrames: submit view frames {view_texture_handles: 2147496770 view_texture_handles: 2147495298 pose { orientation { } position { } }}, this= 0x21cb9839280
[2025-12-07 21:50:46.062] [PSS] [info] [35504|14920]streaming_driver_interface_impl.cpp:87 SubmitViewFrames: submit view frames {view_texture_handles: 2147496770 view_texture_handles: 2147495298 pose { orientation { } position { } }}, this= 0x21cb9839280
[2025-12-07 21:50:46.091] [PSS] [info] [35504|14920]streaming_driver_interface_impl.cpp:87 SubmitViewFrames: submit view frames {view_texture_handles: 2147496770 view_texture_handles: 2147495298 pose { orientation { } position { } }}, this= 0x21cb9839280
[2025-12-07 21:50:46.123] [PSS] [info] [35504|14920]streaming_driver_interface_impl.cpp:87 SubmitViewFrames: submit view frames {view_texture_handles: 2147496770 view_texture_handles: 2147495298 pose { orientation { } position { } }}, this= 0x21cb9839280
[2025-12-07 21:50:46.153] [PSS] [info] [35504|14920]streaming_driver_interface_impl.cpp:87 SubmitViewFrames: submit view frames {view_texture_handles: 2147496770 view_texture_handles: 2147495298 pose { orientation { } position { } }}, this= 0x21cb9839280
[2025-12-07 21:50:46.187] [PSS] [info] [35504|14920]streaming_driver_interface_impl.cpp:87 SubmitViewFrames: submit view frames {view_texture_handles: 2147496770 view_texture_handles: 2147495298 pose { orientation { } position { } }}, this= 0x21cb9839280
[2025-12-07 21:50:46.216] [PSS] [info] [35504|14920]streaming_driver_interface_impl.cpp:87 SubmitViewFrames: submit view frames {view_texture_handles: 2147496770 view_texture_handles: 2147495298 pose { orientation { } position { } }}, this= 0x21cb9839280
[2025-12-07 21:50:46.250] [PSS] [info] [35504|14920]streaming_driver_interface_impl.cpp:87 SubmitViewFrames: submit view frames {view_texture_handles: 2147496770 view_texture_handles: 2147495298 pose { orientation { } position { } }}, this= 0x21cb9839280
[2025-12-07 21:50:46.279] [PSS] [info] [35504|14920]streaming_driver_interface_impl.cpp:87 SubmitViewFrames: submit view frames {view_texture_handles: 2147496770 view_texture_handles: 2147495298 pose { orientation { } position { } }}, this= 0x21cb9839280
[2025-12-07 21:50:46.312] [PSS] [info] [35504|14920]streaming_driver_interface_impl.cpp:87 SubmitViewFrames: submit view frames {view_texture_handles: 2147496770 view_texture_handles: 2147495298 pose { orientation { } position { } }}, this= 0x21cb9839280
[2025-12-07 21:50:46.342] [PSS] [info] [35504|14920]streaming_driver_interface_impl.cpp:87 SubmitViewFrames: submit view frames {view_texture_handles: 2147496770 view_texture_handles: 2147495298 pose { orientation { } position { } }}, this= 0x21cb9839280
[2025-12-07 21:50:46.375] [PSS] [info] [35504|14920]streaming_driver_interface_impl.cpp:87 SubmitViewFrames: submit view frames {view_texture_handles: 2147496770 view_texture_handles: 2147495298 pose { orientation { } position { } }}, this= 0x21cb9839280
[2025-12-07 21:50:46.407] [PSS] [info] [35504|14920]streaming_driver_interface_impl.cpp:87 SubmitViewFrames: submit view frames {view_texture_handles: 2147496770 view_texture_handles: 2147495298 pose { orientation { } position { } }}, this= 0x21cb9839280
[2025-12-07 21:50:46.437] [PSS] [info] [35504|14920]streaming_driver_interface_impl.cpp:87 SubmitViewFrames: submit view frames {view_texture_handles: 2147496770 view_texture_handles: 2147495298 pose { orientation { } position { } }}, this= 0x21cb9839280
[2025-12-07 21:50:46.470] [PSS] [info] [35504|14920]streaming_driver_interface_impl.cpp:87 SubmitViewFrames: submit view frames {view_texture_handles: 2147496770 view_texture_handles: 2147495298 pose { orientation { } position { } }}, this= 0x21cb9839280
[2025-12-07 21:50:46.499] [PSS] [info] [35504|14920]streaming_driver_interface_impl.cpp:87 SubmitViewFrames: submit view frames {view_texture_handles: 2147496770 view_texture_handles: 2147495298 pose { orientation { } position { } }}, this= 0x21cb9839280
[2025-12-07 21:50:46.532] [PSS] [info] [35504|14920]streaming_driver_interface_impl.cpp:87 SubmitViewFrames: submit view frames {view_texture_handles: 2147496770 view_texture_handles: 2147495298 pose { orientation { } position { } }}, this= 0x21cb9839280
[2025-12-07 21:50:46.565] [PSS] [info] [35504|14920]streaming_driver_interface_impl.cpp:87 SubmitViewFrames: submit view frames {view_texture_handles: 2147496770 view_texture_handles: 2147495298 pose { orientation { } position { } }}, this= 0x21cb9839280
[2025-12-07 21:50:46.594] [PSS] [info] [35504|14920]streaming_driver_interface_impl.cpp:87 SubmitViewFrames: submit view frames {view_texture_handles: 2147496770 view_texture_handles: 2147495298 pose { orientation { } position { } }}, this= 0x21cb9839280
[2025-12-07 21:50:46.628] [PSS] [info] [35504|14920]streaming_driver_interface_impl.cpp:87 SubmitViewFrames: submit view frames {view_texture_handles: 2147496770 view_texture_handles: 2147495298 pose { orientation { } position { } }}, this= 0x21cb9839280
[2025-12-07 21:50:46.659] [PSS] [info] [35504|14920]streaming_driver_interface_impl.cpp:87 SubmitViewFrames: submit view frames {view_texture_handles: 2147496770 view_texture_handles: 2147495298 pose { orientation { } position { } }}, this= 0x21cb9839280
[2025-12-07 21:50:46.692] [PSS] [info] [35504|14920]streaming_driver_interface_impl.cpp:87 SubmitViewFrames: submit view frames {view_texture_handles: 2147496770 view_texture_handles: 2147495298 pose { orientation { } position { } }}, this= 0x21cb9839280
[2025-12-07 21:50:46.721] [PSS] [info] [35504|14920]streaming_driver_interface_impl.cpp:87 SubmitViewFrames: submit view frames {view_texture_handles: 2147496770 view_texture_handles: 2147495298 pose { orientation { } position { } }}, this= 0x21cb9839280
[2025-12-07 21:50:46.756] [PSS] [info] [35504|14920]streaming_driver_interface_impl.cpp:87 SubmitViewFrames: submit view frames {view_texture_handles: 2147496770 view_texture_handles: 2147495298 pose { orientation { } position { } }}, this= 0x21cb9839280
[2025-12-07 21:50:46.785] [PSS] [info] [35504|14920]streaming_driver_interface_impl.cpp:87 SubmitViewFrames: submit view frames {view_texture_handles: 2147496770 view_texture_handles: 2147495298 pose { orientation { } position { } }}, this= 0x21cb9839280
[2025-12-07 21:50:46.817] [PSS] [info] [35504|14920]streaming_driver_interface_impl.cpp:87 SubmitViewFrames: submit view frames {view_texture_handles: 2147496770 view_texture_handles: 2147495298 pose { orientation { } position { } }}, this= 0x21cb9839280
[2025-12-07 21:50:46.850] [PSS] [info] [35504|14920]streaming_driver_interface_impl.cpp:87 SubmitViewFrames: submit view frames {view_texture_handles: 2147496770 view_texture_handles: 2147495298 pose { orientation { } position { } }}, this= 0x21cb9839280
[2025-12-07 21:50:46.879] [PSS] [info] [35504|14920]streaming_driver_interface_impl.cpp:87 SubmitViewFrames: submit view frames {view_texture_handles: 2147496770 view_texture_handles: 2147495298 pose { orientation { } position { } }}, this= 0x21cb9839280
[2025-12-07 21:50:46.912] [PSS] [info] [35504|14920]streaming_driver_interface_impl.cpp:87 SubmitViewFrames: submit view frames {view_texture_handles: 2147496770 view_texture_handles: 2147495298 pose { orientation { } position { } }}, this= 0x21cb9839280
[2025-12-07 21:50:46.941] [PSS] [info] [35504|14920]streaming_driver_interface_impl.cpp:87 SubmitViewFrames: submit view frames {view_texture_handles: 2147496770 view_texture_handles: 2147495298 pose { orientation { } position { } }}, this= 0x21cb9839280
[2025-12-07 21:50:46.975] [PSS] [info] [35504|14920]streaming_driver_interface_impl.cpp:87 SubmitViewFrames: submit view frames {view_texture_handles: 2147496770 view_texture_handles: 2147495298 pose { orientation { } position { } }}, this= 0x21cb9839280
[2025-12-07 21:50:47.005] [PSS] [info] [35504|14920]streaming_driver_interface_impl.cpp:87 SubmitViewFrames: submit view frames {view_texture_handles: 2147496770 view_texture_handles: 2147495298 pose { orientation { } position { } }}, this= 0x21cb9839280
[2025-12-07 21:50:47.040] [PSS] [info] [35504|14920]streaming_driver_interface_impl.cpp:87 SubmitViewFrames: submit view frames {view_texture_handles: 2147496770 view_texture_handles: 2147495298 pose { orientation { } position { } }}, this= 0x21cb9839280
[2025-12-07 21:50:47.070] [PSS] [info] [35504|14920]streaming_driver_interface_impl.cpp:87 SubmitViewFrames: submit view frames {view_texture_handles: 2147496770 view_texture_handles: 2147495298 pose { orientation { } position { } }}, this= 0x21cb9839280
[2025-12-07 21:50:47.101] [PSS] [info] [35504|14920]streaming_driver_interface_impl.cpp:87 SubmitViewFrames: submit view frames {view_texture_handles: 2147496770 view_texture_handles: 2147495298 pose { orientation { } position { } }}, this= 0x21cb9839280
[2025-12-07 21:50:47.134] [PSS] [info] [35504|14920]streaming_driver_interface_impl.cpp:87 SubmitViewFrames: submit view frames {view_texture_handles: 2147496770 view_texture_handles: 2147495298 pose { orientation { } position { } }}, this= 0x21cb9839280
[2025-12-07 21:50:47.164] [PSS] [info] [35504|14920]streaming_driver_interface_impl.cpp:87 SubmitViewFrames: submit view frames {view_texture_handles: 2147496770 view_texture_handles: 2147495298 pose { orientation { } position { } }}, this= 0x21cb9839280
[2025-12-07 21:50:47.197] [PSS] [info] [35504|14920]streaming_driver_interface_impl.cpp:87 SubmitViewFrames: submit view frames {view_texture_handles: 2147496770 view_texture_handles: 2147495298 pose { orientation { } position { } }}, this= 0x21cb9839280
[2025-12-07 21:50:47.225] [PSS] [info] [35504|14920]streaming_driver_interface_impl.cpp:87 SubmitViewFrames: submit view frames {view_texture_handles: 2147496770 view_texture_handles: 2147495298 pose { orientation { } position { } }}, this= 0x21cb9839280
[2025-12-07 21:50:47.254] [PSS] [info] [35504|14920]streaming_driver_interface_impl.cpp:87 SubmitViewFrames: submit view frames {view_texture_handles: 2147496770 view_texture_handles: 2147495298 pose { orientation { } position { } }}, this= 0x21cb9839280
[2025-12-07 21:50:47.288] [PSS] [info] [35504|14920]streaming_driver_interface_impl.cpp:87 SubmitViewFrames: submit view frames {view_texture_handles: 2147496770 view_texture_handles: 2147495298 pose { orientation { } position { } }}, this= 0x21cb9839280
[2025-12-07 21:50:47.317] [PSS] [info] [35504|14920]streaming_driver_interface_impl.cpp:87 SubmitViewFrames: submit view frames {view_texture_handles: 2147496770 view_texture_handles: 2147495298 pose { orientation { } position { } }}, this= 0x21cb9839280
[2025-12-07 21:50:47.350] [PSS] [info] [35504|14920]streaming_driver_interface_impl.cpp:87 SubmitViewFrames: submit view frames {view_texture_handles: 2147496770 view_texture_handles: 2147495298 pose { orientation { } position { } }}, this= 0x21cb9839280
[2025-12-07 21:50:47.378] [PSS] [info] [35504|14920]streaming_driver_interface_impl.cpp:87 SubmitViewFrames: submit view frames {view_texture_handles: 2147496770 view_texture_handles: 2147495298 pose { orientation { } position { } }}, this= 0x21cb9839280
[2025-12-07 21:50:47.411] [PSS] [info] [35504|14920]streaming_driver_interface_impl.cpp:87 SubmitViewFrames: submit view frames {view_texture_handles: 2147496770 view_texture_handles: 2147495298 pose { orientation { } position { } }}, this= 0x21cb9839280
[2025-12-07 21:50:47.440] [PSS] [info] [35504|14920]streaming_driver_interface_impl.cpp:87 SubmitViewFrames: submit view frames {view_texture_handles: 2147496770 view_texture_handles: 2147495298 pose { orientation { } position { } }}, this= 0x21cb9839280
[2025-12-07 21:50:47.477] [PSS] [info] [35504|14920]streaming_driver_interface_impl.cpp:87 SubmitViewFrames: submit view frames {view_texture_handles: 2147496770 view_texture_handles: 2147495298 pose { orientation { } position { } }}, this= 0x21cb9839280
[2025-12-07 21:50:47.506] [PSS] [info] [35504|14920]streaming_driver_interface_impl.cpp:87 SubmitViewFrames: submit view frames {view_texture_handles: 2147496770 view_texture_handles: 2147495298 pose { orientation { } position { } }}, this= 0x21cb9839280
[2025-12-07 21:50:47.535] [PSS] [info] [35504|14920]streaming_driver_interface_impl.cpp:87 SubmitViewFrames: submit view frames {view_texture_handles: 2147496770 view_texture_handles: 2147495298 pose { orientation { } position { } }}, this= 0x21cb9839280
[2025-12-07 21:50:47.565] [PSS] [info] [35504|14920]streaming_driver_interface_impl.cpp:87 SubmitViewFrames: submit view frames {view_texture_handles: 2147496770 view_texture_handles: 2147495298 pose { orientation { } position { } }}, this= 0x21cb9839280
[2025-12-07 21:50:47.599] [PSS] [info] [35504|14920]streaming_driver_interface_impl.cpp:87 SubmitViewFrames: submit view frames {view_texture_handles: 2147496770 view_texture_handles: 2147495298 pose { orientation { } position { } }}, this= 0x21cb9839280
[2025-12-07 21:50:47.628] [PSS] [info] [35504|14920]streaming_driver_interface_impl.cpp:87 SubmitViewFrames: submit view frames {view_texture_handles: 2147496770 view_texture_handles: 2147495298 pose { orientation { } position { } }}, this= 0x21cb9839280
[2025-12-07 21:50:47.662] [PSS] [info] [35504|14920]streaming_driver_interface_impl.cpp:87 SubmitViewFrames: submit view frames {view_texture_handles: 2147496770 view_texture_handles: 2147495298 pose { orientation { } position { } }}, this= 0x21cb9839280
[2025-12-07 21:50:47.691] [PSS] [info] [35504|14920]streaming_driver_interface_impl.cpp:87 SubmitViewFrames: submit view frames {view_texture_handles: 2147496770 view_texture_handles: 2147495298 pose { orientation { } position { } }}, this= 0x21cb9839280
[2025-12-07 21:50:47.721] [PSS] [info] [35504|14920]streaming_driver_interface_impl.cpp:87 SubmitViewFrames: submit view frames {view_texture_handles: 2147496770 view_texture_handles: 2147495298 pose { orientation { } position { } }}, this= 0x21cb9839280
[2025-12-07 21:50:47.752] [PSS] [info] [35504|14920]streaming_driver_interface_impl.cpp:87 SubmitViewFrames: submit view frames {view_texture_handles: 2147496770 view_texture_handles: 2147495298 pose { orientation { } position { } }}, this= 0x21cb9839280
[2025-12-07 21:50:47.782] [PSS] [info] [35504|14920]streaming_driver_interface_impl.cpp:87 SubmitViewFrames: submit view frames {view_texture_handles: 2147496770 view_texture_handles: 2147495298 pose { orientation { } position { } }}, this= 0x21cb9839280
[2025-12-07 21:50:47.816] [PSS] [info] [35504|14920]streaming_driver_interface_impl.cpp:87 SubmitViewFrames: submit view frames {view_texture_handles: 2147496770 view_texture_handles: 2147495298 pose { orientation { } position { } }}, this= 0x21cb9839280
[2025-12-07 21:50:47.845] [PSS] [info] [35504|14920]streaming_driver_interface_impl.cpp:87 SubmitViewFrames: submit view frames {view_texture_handles: 2147496770 view_texture_handles: 2147495298 pose { orientation { } position { } }}, this= 0x21cb9839280
[2025-12-07 21:50:47.878] [PSS] [info] [35504|14920]streaming_driver_interface_impl.cpp:87 SubmitViewFrames: submit view frames {view_texture_handles: 2147496770 view_texture_handles: 2147495298 pose { orientation { } position { } }}, this= 0x21cb9839280
[2025-12-07 21:50:47.908] [PSS] [info] [35504|14920]streaming_driver_interface_impl.cpp:87 SubmitViewFrames: submit view frames {view_texture_handles: 2147496770 view_texture_handles: 2147495298 pose { orientation { } position { } }}, this= 0x21cb9839280
[2025-12-07 21:50:47.937] [PSS] [info] [35504|14920]streaming_driver_interface_impl.cpp:87 SubmitViewFrames: submit view frames {view_texture_handles: 2147496770 view_texture_handles: 2147495298 pose { orientation { } position { } }}, this= 0x21cb9839280
[2025-12-07 21:50:47.969] [PSS] [info] [35504|14920]streaming_driver_interface_impl.cpp:87 SubmitViewFrames: submit view frames {view_texture_handles: 2147496770 view_texture_handles: 2147495298 pose { orientation { } position { } }}, this= 0x21cb9839280
[2025-12-07 21:50:47.998] [PSS] [info] [35504|14920]streaming_driver_interface_impl.cpp:87 SubmitViewFrames: submit view frames {view_texture_handles: 2147496770 view_texture_handles: 2147495298 pose { orientation { } position { } }}, this= 0x21cb9839280
[2025-12-07 21:50:48.033] [PSS] [info] [35504|14920]streaming_driver_interface_impl.cpp:87 SubmitViewFrames: submit view frames {view_texture_handles: 2147496770 view_texture_handles: 2147495298 pose { orientation { } position { } }}, this= 0x21cb9839280
[2025-12-07 21:50:48.063] [PSS] [info] [35504|14920]streaming_driver_interface_impl.cpp:87 SubmitViewFrames: submit view frames {view_texture_handles: 2147496770 view_texture_handles: 2147495298 pose { orientation { } position { } }}, this= 0x21cb9839280
[2025-12-07 21:50:48.095] [PSS] [info] [35504|14920]streaming_driver_interface_impl.cpp:87 SubmitViewFrames: submit view frames {view_texture_handles: 2147496770 view_texture_handles: 2147495298 pose { orientation { } position { } }}, this= 0x21cb9839280
[2025-12-07 21:50:48.124] [PSS] [info] [35504|14920]streaming_driver_interface_impl.cpp:87 SubmitViewFrames: submit view frames {view_texture_handles: 2147496770 view_texture_handles: 2147495298 pose { orientation { } position { } }}, this= 0x21cb9839280
[2025-12-07 21:50:48.160] [PSS] [info] [35504|14920]streaming_driver_interface_impl.cpp:87 SubmitViewFrames: submit view frames {view_texture_handles: 2147496770 view_texture_handles: 2147495298 pose { orientation { } position { } }}, this= 0x21cb9839280
[2025-12-07 21:50:48.189] [PSS] [info] [35504|14920]streaming_driver_interface_impl.cpp:87 SubmitViewFrames: submit view frames {view_texture_handles: 2147496770 view_texture_handles: 2147495298 pose { orientation { } position { } }}, this= 0x21cb9839280
[2025-12-07 21:50:48.217] [PSS] [info] [35504|14920]streaming_driver_interface_impl.cpp:87 SubmitViewFrames: submit view frames {view_texture_handles: 2147496770 view_texture_handles: 2147495298 pose { orientation { } position { } }}, this= 0x21cb9839280
[2025-12-07 21:50:48.249] [PSS] [info] [35504|14920]streaming_driver_interface_impl.cpp:87 SubmitViewFrames: submit view frames {view_texture_handles: 2147496770 view_texture_handles: 2147495298 pose { orientation { } position { } }}, this= 0x21cb9839280
[2025-12-07 21:50:48.282] [PSS] [info] [35504|14920]streaming_driver_interface_impl.cpp:87 SubmitViewFrames: submit view frames {view_texture_handles: 2147496770 view_texture_handles: 2147495298 pose { orientation { } position { } }}, this= 0x21cb9839280
[2025-12-07 21:50:48.312] [PSS] [info] [35504|14920]streaming_driver_interface_impl.cpp:87 SubmitViewFrames: submit view frames {view_texture_handles: 2147496770 view_texture_handles: 2147495298 pose { orientation { } position { } }}, this= 0x21cb9839280
[2025-12-07 21:50:48.345] [PSS] [info] [35504|14920]streaming_driver_interface_impl.cpp:87 SubmitViewFrames: submit view frames {view_texture_handles: 2147496770 view_texture_handles: 2147495298 pose { orientation { } position { } }}, this= 0x21cb9839280
[2025-12-07 21:50:48.375] [PSS] [info] [35504|14920]streaming_driver_interface_impl.cpp:87 SubmitViewFrames: submit view frames {view_texture_handles: 2147496770 view_texture_handles: 2147495298 pose { orientation { } position { } }}, this= 0x21cb9839280
[2025-12-07 21:50:48.404] [PSS] [info] [35504|14920]streaming_driver_interface_impl.cpp:87 SubmitViewFrames: submit view frames {view_texture_handles: 2147496770 view_texture_handles: 2147495298 pose { orientation { } position { } }}, this= 0x21cb9839280
[2025-12-07 21:50:48.437] [PSS] [info] [35504|14920]streaming_driver_interface_impl.cpp:87 SubmitViewFrames: submit view frames {view_texture_handles: 2147496770 view_texture_handles: 2147495298 pose { orientation { } position { } }}, this= 0x21cb9839280
[2025-12-07 21:50:48.467] [PSS] [info] [35504|14920]streaming_driver_interface_impl.cpp:87 SubmitViewFrames: submit view frames {view_texture_handles: 2147496770 view_texture_handles: 2147495298 pose { orientation { } position { } }}, this= 0x21cb9839280
[2025-12-07 21:50:48.499] [PSS] [info] [35504|14920]streaming_driver_interface_impl.cpp:87 SubmitViewFrames: submit view frames {view_texture_handles: 2147496770 view_texture_handles: 2147495298 pose { orientation { } position { } }}, this= 0x21cb9839280
[2025-12-07 21:50:48.529] [PSS] [info] [35504|14920]streaming_driver_interface_impl.cpp:87 SubmitViewFrames: submit view frames {view_texture_handles: 2147496770 view_texture_handles: 2147495298 pose { orientation { } position { } }}, this= 0x21cb9839280
[2025-12-07 21:50:48.561] [PSS] [info] [35504|14920]streaming_driver_interface_impl.cpp:87 SubmitViewFrames: submit view frames {view_texture_handles: 2147496770 view_texture_handles: 2147495298 pose { orientation { } position { } }}, this= 0x21cb9839280
[2025-12-07 21:50:48.590] [PSS] [info] [35504|14920]streaming_driver_interface_impl.cpp:87 SubmitViewFrames: submit view frames {view_texture_handles: 2147496770 view_texture_handles: 2147495298 pose { orientation { } position { } }}, this= 0x21cb9839280
[2025-12-07 21:50:48.627] [PSS] [info] [35504|14920]streaming_driver_interface_impl.cpp:87 SubmitViewFrames: submit view frames {view_texture_handles: 2147496770 view_texture_handles: 2147495298 pose { orientation { } position { } }}, this= 0x21cb9839280
[2025-12-07 21:50:48.657] [PSS] [info] [35504|14920]streaming_driver_interface_impl.cpp:87 SubmitViewFrames: submit view frames {view_texture_handles: 2147496770 view_texture_handles: 2147495298 pose { orientation { } position { } }}, this= 0x21cb9839280
[2025-12-07 21:50:48.692] [PSS] [info] [35504|14920]streaming_driver_interface_impl.cpp:87 SubmitViewFrames: submit view frames {view_texture_handles: 2147496770 view_texture_handles: 2147495298 pose { orientation { } position { } }}, this= 0x21cb9839280
[2025-12-07 21:50:48.721] [PSS] [info] [35504|14920]streaming_driver_interface_impl.cpp:87 SubmitViewFrames: submit view frames {view_texture_handles: 2147496770 view_texture_handles: 2147495298 pose { orientation { } position { } }}, this= 0x21cb9839280
[2025-12-07 21:50:48.760] [PSS] [info] [35504|14920]streaming_driver_interface_impl.cpp:87 SubmitViewFrames: submit view frames {view_texture_handles: 2147496770 view_texture_handles: 2147495298 pose { orientation { } position { } }}, this= 0x21cb9839280
[2025-12-07 21:50:48.789] [PSS] [info] [35504|14920]streaming_driver_interface_impl.cpp:87 SubmitViewFrames: submit view frames {view_texture_handles: 2147496770 view_texture_handles: 2147495298 pose { orientation { } position { } }}, this= 0x21cb9839280
[2025-12-07 21:50:48.822] [PSS] [info] [35504|14920]streaming_driver_interface_impl.cpp:87 SubmitViewFrames: submit view frames {view_texture_handles: 2147496770 view_texture_handles: 2147495298 pose { orientation { } position { } }}, this= 0x21cb9839280
[2025-12-07 21:50:48.851] [PSS] [info] [35504|14920]streaming_driver_interface_impl.cpp:87 SubmitViewFrames: submit view frames {view_texture_handles: 2147496770 view_texture_handles: 2147495298 pose { orientation { } position { } }}, this= 0x21cb9839280
[2025-12-07 21:50:48.883] [PSS] [info] [35504|14920]streaming_driver_interface_impl.cpp:87 SubmitViewFrames: submit view frames {view_texture_handles: 2147496770 view_texture_handles: 2147495298 pose { orientation { } position { } }}, this= 0x21cb9839280
[2025-12-07 21:50:48.919] [PSS] [info] [35504|14920]streaming_driver_interface_impl.cpp:87 SubmitViewFrames: submit view frames {view_texture_handles: 2147496770 view_texture_handles: 2147495298 pose { orientation { } position { } }}, this= 0x21cb9839280
[2025-12-07 21:50:48.949] [PSS] [info] [35504|14920]streaming_driver_interface_impl.cpp:87 SubmitViewFrames: submit view frames {view_texture_handles: 2147496770 view_texture_handles: 2147495298 pose { orientation { } position { } }}, this= 0x21cb9839280
[2025-12-07 21:50:48.982] [PSS] [info] [35504|14920]streaming_driver_interface_impl.cpp:87 SubmitViewFrames: submit view frames {view_texture_handles: 2147496770 view_texture_handles: 2147495298 pose { orientation { } position { } }}, this= 0x21cb9839280
[2025-12-07 21:50:49.012] [PSS] [info] [35504|14920]streaming_driver_interface_impl.cpp:87 SubmitViewFrames: submit view frames {view_texture_handles: 2147496770 view_texture_handles: 2147495298 pose { orientation { } position { } }}, this= 0x21cb9839280
[2025-12-07 21:50:49.046] [PSS] [info] [35504|14920]streaming_driver_interface_impl.cpp:87 SubmitViewFrames: submit view frames {view_texture_handles: 2147496770 view_texture_handles: 2147495298 pose { orientation { } position { } }}, this= 0x21cb9839280
[2025-12-07 21:50:49.076] [PSS] [info] [35504|14920]streaming_driver_interface_impl.cpp:87 SubmitViewFrames: submit view frames {view_texture_handles: 2147496770 view_texture_handles: 2147495298 pose { orientation { } position { } }}, this= 0x21cb9839280
[2025-12-07 21:50:49.104] [PSS] [info] [35504|14920]streaming_driver_interface_impl.cpp:87 SubmitViewFrames: submit view frames {view_texture_handles: 2147496770 view_texture_handles: 2147495298 pose { orientation { } position { } }}, this= 0x21cb9839280
[2025-12-07 21:50:49.137] [PSS] [info] [35504|14920]streaming_driver_interface_impl.cpp:87 SubmitViewFrames: submit view frames {view_texture_handles: 2147496770 view_texture_handles: 2147495298 pose { orientation { } position { } }}, this= 0x21cb9839280
[2025-12-07 21:50:49.170] [PSS] [info] [35504|14920]streaming_driver_interface_impl.cpp:87 SubmitViewFrames: submit view frames {view_texture_handles: 2147496770 view_texture_handles: 2147495298 pose { orientation { } position { } }}, this= 0x21cb9839280
[2025-12-07 21:50:49.200] [PSS] [info] [35504|14920]streaming_driver_interface_impl.cpp:87 SubmitViewFrames: submit view frames {view_texture_handles: 2147496770 view_texture_handles: 2147495298 pose { orientation { } position { } }}, this= 0x21cb9839280
[2025-12-07 21:50:49.233] [PSS] [info] [35504|14920]streaming_driver_interface_impl.cpp:87 SubmitViewFrames: submit view frames {view_texture_handles: 2147496770 view_texture_handles: 2147495298 pose { orientation { } position { } }}, this= 0x21cb9839280
[2025-12-07 21:50:49.262] [PSS] [info] [35504|14920]streaming_driver_interface_impl.cpp:87 SubmitViewFrames: submit view frames {view_texture_handles: 2147496770 view_texture_handles: 2147495298 pose { orientation { } position { } }}, this= 0x21cb9839280
[2025-12-07 21:50:49.296] [PSS] [info] [35504|14920]streaming_driver_interface_impl.cpp:87 SubmitViewFrames: submit view frames {view_texture_handles: 2147496770 view_texture_handles: 2147495298 pose { orientation { } position { } }}, this= 0x21cb9839280
[2025-12-07 21:50:49.325] [PSS] [info] [35504|14920]streaming_driver_interface_impl.cpp:87 SubmitViewFrames: submit view frames {view_texture_handles: 2147496770 view_texture_handles: 2147495298 pose { orientation { } position { } }}, this= 0x21cb9839280
[2025-12-07 21:50:49.363] [PSS] [info] [35504|14920]streaming_driver_interface_impl.cpp:87 SubmitViewFrames: submit view frames {view_texture_handles: 2147496770 view_texture_handles: 2147495298 pose { orientation { } position { } }}, this= 0x21cb9839280
[2025-12-07 21:50:49.393] [PSS] [info] [35504|14920]streaming_driver_interface_impl.cpp:87 SubmitViewFrames: submit view frames {view_texture_handles: 2147496770 view_texture_handles: 2147495298 pose { orientation { } position { } }}, this= 0x21cb9839280
[2025-12-07 21:50:49.427] [PSS] [info] [35504|14920]streaming_driver_interface_impl.cpp:87 SubmitViewFrames: submit view frames {view_texture_handles: 2147496770 view_texture_handles: 2147495298 pose { orientation { } position { } }}, this= 0x21cb9839280
[2025-12-07 21:50:49.456] [PSS] [info] [35504|14920]streaming_driver_interface_impl.cpp:87 SubmitViewFrames: submit view frames {view_texture_handles: 2147496770 view_texture_handles: 2147495298 pose { orientation { } position { } }}, this= 0x21cb9839280
[2025-12-07 21:50:49.485] [PSS] [info] [35504|14920]streaming_driver_interface_impl.cpp:87 SubmitViewFrames: submit view frames {view_texture_handles: 2147496770 view_texture_handles: 2147495298 pose { orientation { } position { } }}, this= 0x21cb9839280
[2025-12-07 21:50:49.516] [PSS] [info] [35504|14920]streaming_driver_interface_impl.cpp:87 SubmitViewFrames: submit view frames {view_texture_handles: 2147496770 view_texture_handles: 2147495298 pose { orientation { } position { } }}, this= 0x21cb9839280
[2025-12-07 21:50:49.549] [PSS] [info] [35504|14920]streaming_driver_interface_impl.cpp:87 SubmitViewFrames: submit view frames {view_texture_handles: 2147496770 view_texture_handles: 2147495298 pose { orientation { } position { } }}, this= 0x21cb9839280
[2025-12-07 21:50:49.582] [PSS] [info] [35504|14920]streaming_driver_interface_impl.cpp:87 SubmitViewFrames: submit view frames {view_texture_handles: 2147496770 view_texture_handles: 2147495298 pose { orientation { } position { } }}, this= 0x21cb9839280
[2025-12-07 21:50:49.611] [PSS] [info] [35504|14920]streaming_driver_interface_impl.cpp:87 SubmitViewFrames: submit view frames {view_texture_handles: 2147496770 view_texture_handles: 2147495298 pose { orientation { } position { } }}, this= 0x21cb9839280
[2025-12-07 21:50:49.646] [PSS] [info] [35504|14920]streaming_driver_interface_impl.cpp:87 SubmitViewFrames: submit view frames {view_texture_handles: 2147496770 view_texture_handles: 2147495298 pose { orientation { } position { } }}, this= 0x21cb9839280
[2025-12-07 21:50:49.675] [PSS] [info] [35504|14920]streaming_driver_interface_impl.cpp:87 SubmitViewFrames: submit view frames {view_texture_handles: 2147496770 view_texture_handles: 2147495298 pose { orientation { } position { } }}, this= 0x21cb9839280
[2025-12-07 21:50:49.704] [PSS] [info] [35504|14920]streaming_driver_interface_impl.cpp:87 SubmitViewFrames: submit view frames {view_texture_handles: 2147496770 view_texture_handles: 2147495298 pose { orientation { } position { } }}, this= 0x21cb9839280
[2025-12-07 21:50:49.742] [PSS] [info] [35504|14920]streaming_driver_interface_impl.cpp:87 SubmitViewFrames: submit view frames {view_texture_handles: 2147496770 view_texture_handles: 2147495298 pose { orientation { } position { } }}, this= 0x21cb9839280
[2025-12-07 21:50:49.772] [PSS] [info] [35504|14920]streaming_driver_interface_impl.cpp:87 SubmitViewFrames: submit view frames {view_texture_handles: 2147496770 view_texture_handles: 2147495298 pose { orientation { } position { } }}, this= 0x21cb9839280
[2025-12-07 21:50:49.805] [PSS] [info] [35504|14920]streaming_driver_interface_impl.cpp:87 SubmitViewFrames: submit view frames {view_texture_handles: 2147496770 view_texture_handles: 2147495298 pose { orientation { } position { } }}, this= 0x21cb9839280
[2025-12-07 21:50:49.835] [PSS] [info] [35504|14920]streaming_driver_interface_impl.cpp:87 SubmitViewFrames: submit view frames {view_texture_handles: 2147496770 view_texture_handles: 2147495298 pose { orientation { } position { } }}, this= 0x21cb9839280
[2025-12-07 21:50:49.866] [PSS] [info] [35504|14920]streaming_driver_interface_impl.cpp:87 SubmitViewFrames: submit view frames {view_texture_handles: 2147496770 view_texture_handles: 2147495298 pose { orientation { } position { } }}, this= 0x21cb9839280
[2025-12-07 21:50:49.902] [PSS] [info] [35504|14920]streaming_driver_interface_impl.cpp:87 SubmitViewFrames: submit view frames {view_texture_handles: 2147496770 view_texture_handles: 2147495298 pose { orientation { } position { } }}, this= 0x21cb9839280
[2025-12-07 21:50:49.932] [PSS] [info] [35504|14920]streaming_driver_interface_impl.cpp:87 SubmitViewFrames: submit view frames {view_texture_handles: 2147496770 view_texture_handles: 2147495298 pose { orientation { } position { } }}, this= 0x21cb9839280
[2025-12-07 21:50:49.966] [PSS] [info] [35504|14920]streaming_driver_interface_impl.cpp:87 SubmitViewFrames: submit view frames {view_texture_handles: 2147496770 view_texture_handles: 2147495298 pose { orientation { } position { } }}, this= 0x21cb9839280
[2025-12-07 21:50:49.995] [PSS] [info] [35504|14920]streaming_driver_interface_impl.cpp:87 SubmitViewFrames: submit view frames {view_texture_handles: 2147496770 view_texture_handles: 2147495298 pose { orientation { } position { } }}, this= 0x21cb9839280
[2025-12-07 21:50:50.029] [PSS] [info] [35504|14920]streaming_driver_interface_impl.cpp:87 SubmitViewFrames: submit view frames {view_texture_handles: 2147496770 view_texture_handles: 2147495298 pose { orientation { } position { } }}, this= 0x21cb9839280
[2025-12-07 21:50:50.059] [PSS] [info] [35504|14920]streaming_driver_interface_impl.cpp:87 SubmitViewFrames: submit view frames {view_texture_handles: 2147496770 view_texture_handles: 2147495298 pose { orientation { } position { } }}, this= 0x21cb9839280
[2025-12-07 21:50:50.090] [PSS] [info] [35504|14920]streaming_driver_interface_impl.cpp:87 SubmitViewFrames: submit view frames {view_texture_handles: 2147496770 view_texture_handles: 2147495298 pose { orientation { } position { } }}, this= 0x21cb9839280
[2025-12-07 21:50:50.126] [PSS] [info] [35504|14920]streaming_driver_interface_impl.cpp:87 SubmitViewFrames: submit view frames {view_texture_handles: 2147496770 view_texture_handles: 2147495298 pose { orientation { } position { } }}, this= 0x21cb9839280
[2025-12-07 21:50:50.154] [PSS] [info] [35504|14920]streaming_driver_interface_impl.cpp:87 SubmitViewFrames: submit view frames {view_texture_handles: 2147496770 view_texture_handles: 2147495298 pose { orientation { } position { } }}, this= 0x21cb9839280
[2025-12-07 21:50:50.187] [PSS] [info] [35504|14920]streaming_driver_interface_impl.cpp:87 SubmitViewFrames: submit view frames {view_texture_handles: 2147496770 view_texture_handles: 2147495298 pose { orientation { } position { } }}, this= 0x21cb9839280
[2025-12-07 21:50:50.222] [PSS] [info] [35504|14920]streaming_driver_interface_impl.cpp:87 SubmitViewFrames: submit view frames {view_texture_handles: 2147496770 view_texture_handles: 2147495298 pose { orientation { } position { } }}, this= 0x21cb9839280
[2025-12-07 21:50:50.252] [PSS] [info] [35504|14920]streaming_driver_interface_impl.cpp:87 SubmitViewFrames: submit view frames {view_texture_handles: 2147496770 view_texture_handles: 2147495298 pose { orientation { } position { } }}, this= 0x21cb9839280
[2025-12-07 21:50:50.285] [PSS] [info] [35504|14920]streaming_driver_interface_impl.cpp:87 SubmitViewFrames: submit view frames {view_texture_handles: 2147496770 view_texture_handles: 2147495298 pose { orientation { } position { } }}, this= 0x21cb9839280
[2025-12-07 21:50:50.315] [PSS] [info] [35504|14920]streaming_driver_interface_impl.cpp:87 SubmitViewFrames: submit view frames {view_texture_handles: 2147496770 view_texture_handles: 2147495298 pose { orientation { } position { } }}, this= 0x21cb9839280
[2025-12-07 21:50:50.350] [PSS] [info] [35504|14920]streaming_driver_interface_impl.cpp:87 SubmitViewFrames: submit view frames {view_texture_handles: 2147496770 view_texture_handles: 2147495298 pose { orientation { } position { } }}, this= 0x21cb9839280
[2025-12-07 21:50:50.379] [PSS] [info] [35504|14920]streaming_driver_interface_impl.cpp:87 SubmitViewFrames: submit view frames {view_texture_handles: 2147496770 view_texture_handles: 2147495298 pose { orientation { } position { } }}, this= 0x21cb9839280
[2025-12-07 21:50:50.412] [PSS] [info] [35504|14920]streaming_driver_interface_impl.cpp:87 SubmitViewFrames: submit view frames {view_texture_handles: 2147496770 view_texture_handles: 2147495298 pose { orientation { } position { } }}, this= 0x21cb9839280
[2025-12-07 21:50:50.445] [PSS] [info] [35504|14920]streaming_driver_interface_impl.cpp:87 SubmitViewFrames: submit view frames {view_texture_handles: 2147496770 view_texture_handles: 2147495298 pose { orientation { } position { } }}, this= 0x21cb9839280
[2025-12-07 21:50:50.474] [PSS] [info] [35504|14920]streaming_driver_interface_impl.cpp:87 SubmitViewFrames: submit view frames {view_texture_handles: 2147496770 view_texture_handles: 2147495298 pose { orientation { } position { } }}, this= 0x21cb9839280
[2025-12-07 21:50:50.502] [PSS] [info] [35504|14920]streaming_driver_interface_impl.cpp:87 SubmitViewFrames: submit view frames {view_texture_handles: 2147496770 view_texture_handles: 2147495298 pose { orientation { } position { } }}, this= 0x21cb9839280
[2025-12-07 21:50:50.537] [PSS] [info] [35504|14920]streaming_driver_interface_impl.cpp:87 SubmitViewFrames: submit view frames {view_texture_handles: 2147496770 view_texture_handles: 2147495298 pose { orientation { } position { } }}, this= 0x21cb9839280
[2025-12-07 21:50:50.567] [PSS] [info] [35504|14920]streaming_driver_interface_impl.cpp:87 SubmitViewFrames: submit view frames {view_texture_handles: 2147496770 view_texture_handles: 2147495298 pose { orientation { } position { } }}, this= 0x21cb9839280
[2025-12-07 21:50:50.600] [PSS] [info] [35504|14920]streaming_driver_interface_impl.cpp:87 SubmitViewFrames: submit view frames {view_texture_handles: 2147496770 view_texture_handles: 2147495298 pose { orientation { } position { } }}, this= 0x21cb9839280
[2025-12-07 21:50:50.629] [PSS] [info] [35504|14920]streaming_driver_interface_impl.cpp:87 SubmitViewFrames: submit view frames {view_texture_handles: 2147496770 view_texture_handles: 2147495298 pose { orientation { } position { } }}, this= 0x21cb9839280
[2025-12-07 21:50:50.661] [PSS] [info] [35504|14920]streaming_driver_interface_impl.cpp:87 SubmitViewFrames: submit view frames {view_texture_handles: 2147496770 view_texture_handles: 2147495298 pose { orientation { } position { } }}, this= 0x21cb9839280
[2025-12-07 21:50:50.692] [PSS] [info] [35504|14920]streaming_driver_interface_impl.cpp:87 SubmitViewFrames: submit view frames {view_texture_handles: 2147496770 view_texture_handles: 2147495298 pose { orientation { } position { } }}, this= 0x21cb9839280
[2025-12-07 21:50:50.726] [PSS] [info] [35504|14920]streaming_driver_interface_impl.cpp:87 SubmitViewFrames: submit view frames {view_texture_handles: 2147496770 view_texture_handles: 2147495298 pose { orientation { } position { } }}, this= 0x21cb9839280
[2025-12-07 21:50:50.755] [PSS] [info] [35504|14920]streaming_driver_interface_impl.cpp:87 SubmitViewFrames: submit view frames {view_texture_handles: 2147496770 view_texture_handles: 2147495298 pose { orientation { } position { } }}, this= 0x21cb9839280
[2025-12-07 21:50:50.791] [PSS] [info] [35504|14920]streaming_driver_interface_impl.cpp:87 SubmitViewFrames: submit view frames {view_texture_handles: 2147496770 view_texture_handles: 2147495298 pose { orientation { } position { } }}, this= 0x21cb9839280
[2025-12-07 21:50:50.828] [PSS] [info] [35504|14920]streaming_driver_interface_impl.cpp:87 SubmitViewFrames: submit view frames {view_texture_handles: 2147496770 view_texture_handles: 2147495298 pose { orientation { } position { } }}, this= 0x21cb9839280
[2025-12-07 21:50:50.858] [PSS] [info] [35504|14920]streaming_driver_interface_impl.cpp:87 SubmitViewFrames: submit view frames {view_texture_handles: 2147496770 view_texture_handles: 2147495298 pose { orientation { } position { } }}, this= 0x21cb9839280
[2025-12-07 21:50:50.887] [PSS] [info] [35504|14920]streaming_driver_interface_impl.cpp:87 SubmitViewFrames: submit view frames {view_texture_handles: 2147496770 view_texture_handles: 2147495298 pose { orientation { } position { } }}, this= 0x21cb9839280
[2025-12-07 21:50:50.920] [PSS] [info] [35504|14920]streaming_driver_interface_impl.cpp:87 SubmitViewFrames: submit view frames {view_texture_handles: 2147496770 view_texture_handles: 2147495298 pose { orientation { } position { } }}, this= 0x21cb9839280
[2025-12-07 21:50:50.949] [PSS] [info] [35504|14920]streaming_driver_interface_impl.cpp:87 SubmitViewFrames: submit view frames {view_texture_handles: 2147496770 view_texture_handles: 2147495298 pose { orientation { } position { } }}, this= 0x21cb9839280
[2025-12-07 21:50:50.983] [PSS] [info] [35504|14920]streaming_driver_interface_impl.cpp:87 SubmitViewFrames: submit view frames {view_texture_handles: 2147496770 view_texture_handles: 2147495298 pose { orientation { } position { } }}, this= 0x21cb9839280
[2025-12-07 21:50:51.011] [PSS] [info] [35504|14920]streaming_driver_interface_impl.cpp:87 SubmitViewFrames: submit view frames {view_texture_handles: 2147496770 view_texture_handles: 2147495298 pose { orientation { } position { } }}, this= 0x21cb9839280
[2025-12-07 21:50:51.044] [PSS] [info] [35504|14920]streaming_driver_interface_impl.cpp:87 SubmitViewFrames: submit view frames {view_texture_handles: 2147496770 view_texture_handles: 2147495298 pose { orientation { } position { } }}, this= 0x21cb9839280
[2025-12-07 21:50:51.073] [PSS] [info] [35504|14920]streaming_driver_interface_impl.cpp:87 SubmitViewFrames: submit view frames {view_texture_handles: 2147496770 view_texture_handles: 2147495298 pose { orientation { } position { } }}, this= 0x21cb9839280
[2025-12-07 21:50:51.106] [PSS] [info] [35504|14920]streaming_driver_interface_impl.cpp:87 SubmitViewFrames: submit view frames {view_texture_handles: 2147496770 view_texture_handles: 2147495298 pose { orientation { } position { } }}, this= 0x21cb9839280
[2025-12-07 21:50:51.136] [PSS] [info] [35504|14920]streaming_driver_interface_impl.cpp:87 SubmitViewFrames: submit view frames {view_texture_handles: 2147496770 view_texture_handles: 2147495298 pose { orientation { } position { } }}, this= 0x21cb9839280
[2025-12-07 21:50:51.168] [PSS] [info] [35504|14920]streaming_driver_interface_impl.cpp:87 SubmitViewFrames: submit view frames {view_texture_handles: 2147496770 view_texture_handles: 2147495298 pose { orientation { } position { } }}, this= 0x21cb9839280
[2025-12-07 21:50:51.198] [PSS] [info] [35504|14920]streaming_driver_interface_impl.cpp:87 SubmitViewFrames: submit view frames {view_texture_handles: 2147496770 view_texture_handles: 2147495298 pose { orientation { } position { } }}, this= 0x21cb9839280
[2025-12-07 21:50:51.230] [PSS] [info] [35504|14920]streaming_driver_interface_impl.cpp:87 SubmitViewFrames: submit view frames {view_texture_handles: 2147496770 view_texture_handles: 2147495298 pose { orientation { } position { } }}, this= 0x21cb9839280
[2025-12-07 21:50:51.266] [PSS] [info] [35504|14920]streaming_driver_interface_impl.cpp:87 SubmitViewFrames: submit view frames {view_texture_handles: 2147496770 view_texture_handles: 2147495298 pose { orientation { } position { } }}, this= 0x21cb9839280
[2025-12-07 21:50:51.295] [PSS] [info] [35504|14920]streaming_driver_interface_impl.cpp:87 SubmitViewFrames: submit view frames {view_texture_handles: 2147496770 view_texture_handles: 2147495298 pose { orientation { } position { } }}, this= 0x21cb9839280
[2025-12-07 21:50:51.328] [PSS] [info] [35504|14920]streaming_driver_interface_impl.cpp:87 SubmitViewFrames: submit view frames {view_texture_handles: 2147496770 view_texture_handles: 2147495298 pose { orientation { } position { } }}, this= 0x21cb9839280
[2025-12-07 21:50:51.357] [PSS] [info] [35504|14920]streaming_driver_interface_impl.cpp:87 SubmitViewFrames: submit view frames {view_texture_handles: 2147496770 view_texture_handles: 2147495298 pose { orientation { } position { } }}, this= 0x21cb9839280
[2025-12-07 21:50:51.392] [PSS] [info] [35504|14920]streaming_driver_interface_impl.cpp:87 SubmitViewFrames: submit view frames {view_texture_handles: 2147496770 view_texture_handles: 2147495298 pose { orientation { } position { } }}, this= 0x21cb9839280
[2025-12-07 21:50:51.421] [PSS] [info] [35504|14920]streaming_driver_interface_impl.cpp:87 SubmitViewFrames: submit view frames {view_texture_handles: 2147496770 view_texture_handles: 2147495298 pose { orientation { } position { } }}, this= 0x21cb9839280
[2025-12-07 21:50:51.454] [PSS] [info] [35504|14920]streaming_driver_interface_impl.cpp:87 SubmitViewFrames: submit view frames {view_texture_handles: 2147496770 view_texture_handles: 2147495298 pose { orientation { } position { } }}, this= 0x21cb9839280
[2025-12-07 21:50:51.483] [PSS] [info] [35504|14920]streaming_driver_interface_impl.cpp:87 SubmitViewFrames: submit view frames {view_texture_handles: 2147496770 view_texture_handles: 2147495298 pose { orientation { } position { } }}, this= 0x21cb9839280
[2025-12-07 21:50:51.517] [PSS] [info] [35504|14920]streaming_driver_interface_impl.cpp:87 SubmitViewFrames: submit view frames {view_texture_handles: 2147496770 view_texture_handles: 2147495298 pose { orientation { } position { } }}, this= 0x21cb9839280
[2025-12-07 21:50:51.546] [PSS] [info] [35504|14920]streaming_driver_interface_impl.cpp:87 SubmitViewFrames: submit view frames {view_texture_handles: 2147496770 view_texture_handles: 2147495298 pose { orientation { } position { } }}, this= 0x21cb9839280
[2025-12-07 21:50:51.578] [PSS] [info] [35504|14920]streaming_driver_interface_impl.cpp:87 SubmitViewFrames: submit view frames {view_texture_handles: 2147496770 view_texture_handles: 2147495298 pose { orientation { } position { } }}, this= 0x21cb9839280
[2025-12-07 21:50:51.608] [PSS] [info] [35504|14920]streaming_driver_interface_impl.cpp:87 SubmitViewFrames: submit view frames {view_texture_handles: 2147496770 view_texture_handles: 2147495298 pose { orientation { } position { } }}, this= 0x21cb9839280
[2025-12-07 21:50:51.641] [PSS] [info] [35504|14920]streaming_driver_interface_impl.cpp:87 SubmitViewFrames: submit view frames {view_texture_handles: 2147496770 view_texture_handles: 2147495298 pose { orientation { } position { } }}, this= 0x21cb9839280
[2025-12-07 21:50:51.669] [PSS] [info] [35504|14920]streaming_driver_interface_impl.cpp:87 SubmitViewFrames: submit view frames {view_texture_handles: 2147496770 view_texture_handles: 2147495298 pose { orientation { } position { } }}, this= 0x21cb9839280
[2025-12-07 21:50:51.699] [PSS] [info] [35504|14920]streaming_driver_interface_impl.cpp:87 SubmitViewFrames: submit view frames {view_texture_handles: 2147496770 view_texture_handles: 2147495298 pose { orientation { } position { } }}, this= 0x21cb9839280
[2025-12-07 21:50:51.733] [PSS] [info] [35504|14920]streaming_driver_interface_impl.cpp:87 SubmitViewFrames: submit view frames {view_texture_handles: 2147496770 view_texture_handles: 2147495298 pose { orientation { } position { } }}, this= 0x21cb9839280
[2025-12-07 21:50:51.762] [PSS] [info] [35504|14920]streaming_driver_interface_impl.cpp:87 SubmitViewFrames: submit view frames {view_texture_handles: 2147496770 view_texture_handles: 2147495298 pose { orientation { } position { } }}, this= 0x21cb9839280
[2025-12-07 21:50:51.795] [PSS] [info] [35504|14920]streaming_driver_interface_impl.cpp:87 SubmitViewFrames: submit view frames {view_texture_handles: 2147496770 view_texture_handles: 2147495298 pose { orientation { } position { } }}, this= 0x21cb9839280
[2025-12-07 21:50:51.824] [PSS] [info] [35504|14920]streaming_driver_interface_impl.cpp:87 SubmitViewFrames: submit view frames {view_texture_handles: 2147496770 view_texture_handles: 2147495298 pose { orientation { } position { } }}, this= 0x21cb9839280
[2025-12-07 21:50:51.858] [PSS] [info] [35504|14920]streaming_driver_interface_impl.cpp:87 SubmitViewFrames: submit view frames {view_texture_handles: 2147496770 view_texture_handles: 2147495298 pose { orientation { } position { } }}, this= 0x21cb9839280
[2025-12-07 21:50:51.887] [PSS] [info] [35504|14920]streaming_driver_interface_impl.cpp:87 SubmitViewFrames: submit view frames {view_texture_handles: 2147496770 view_texture_handles: 2147495298 pose { orientation { } position { } }}, this= 0x21cb9839280
[2025-12-07 21:50:51.920] [PSS] [info] [35504|14920]streaming_driver_interface_impl.cpp:87 SubmitViewFrames: submit view frames {view_texture_handles: 2147496770 view_texture_handles: 2147495298 pose { orientation { } position { } }}, this= 0x21cb9839280
[2025-12-07 21:50:51.950] [PSS] [info] [35504|14920]streaming_driver_interface_impl.cpp:87 SubmitViewFrames: submit view frames {view_texture_handles: 2147496770 view_texture_handles: 2147495298 pose { orientation { } position { } }}, this= 0x21cb9839280
[2025-12-07 21:50:51.983] [PSS] [info] [35504|14920]streaming_driver_interface_impl.cpp:87 SubmitViewFrames: submit view frames {view_texture_handles: 2147496770 view_texture_handles: 2147495298 pose { orientation { } position { } }}, this= 0x21cb9839280
[2025-12-07 21:50:52.012] [PSS] [info] [35504|14920]streaming_driver_interface_impl.cpp:87 SubmitViewFrames: submit view frames {view_texture_handles: 2147496770 view_texture_handles: 2147495298 pose { orientation { } position { } }}, this= 0x21cb9839280
[2025-12-07 21:50:52.046] [PSS] [info] [35504|14920]streaming_driver_interface_impl.cpp:87 SubmitViewFrames: submit view frames {view_texture_handles: 2147496770 view_texture_handles: 2147495298 pose { orientation { } position { } }}, this= 0x21cb9839280
[2025-12-07 21:50:52.076] [PSS] [info] [35504|14920]streaming_driver_interface_impl.cpp:87 SubmitViewFrames: submit view frames {view_texture_handles: 2147496770 view_texture_handles: 2147495298 pose { orientation { } position { } }}, this= 0x21cb9839280
[2025-12-07 21:50:52.105] [PSS] [info] [35504|14920]streaming_driver_interface_impl.cpp:87 SubmitViewFrames: submit view frames {view_texture_handles: 2147496770 view_texture_handles: 2147495298 pose { orientation { } position { } }}, this= 0x21cb9839280
[2025-12-07 21:50:52.137] [PSS] [info] [35504|14920]streaming_driver_interface_impl.cpp:87 SubmitViewFrames: submit view frames {view_texture_handles: 2147496770 view_texture_handles: 2147495298 pose { orientation { } position { } }}, this= 0x21cb9839280
[2025-12-07 21:50:52.170] [PSS] [info] [35504|14920]streaming_driver_interface_impl.cpp:87 SubmitViewFrames: submit view frames {view_texture_handles: 2147496770 view_texture_handles: 2147495298 pose { orientation { } position { } }}, this= 0x21cb9839280
[2025-12-07 21:50:52.199] [PSS] [info] [35504|14920]streaming_driver_interface_impl.cpp:87 SubmitViewFrames: submit view frames {view_texture_handles: 2147496770 view_texture_handles: 2147495298 pose { orientation { } position { } }}, this= 0x21cb9839280
[2025-12-07 21:50:52.233] [PSS] [info] [35504|14920]streaming_driver_interface_impl.cpp:87 SubmitViewFrames: submit view frames {view_texture_handles: 2147496770 view_texture_handles: 2147495298 pose { orientation { } position { } }}, this= 0x21cb9839280
[2025-12-07 21:50:52.261] [PSS] [info] [35504|14920]streaming_driver_interface_impl.cpp:87 SubmitViewFrames: submit view frames {view_texture_handles: 2147496770 view_texture_handles: 2147495298 pose { orientation { } position { } }}, this= 0x21cb9839280
[2025-12-07 21:50:52.295] [PSS] [info] [35504|14920]streaming_driver_interface_impl.cpp:87 SubmitViewFrames: submit view frames {view_texture_handles: 2147496770 view_texture_handles: 2147495298 pose { orientation { } position { } }}, this= 0x21cb9839280
[2025-12-07 21:50:52.325] [PSS] [info] [35504|14920]streaming_driver_interface_impl.cpp:87 SubmitViewFrames: submit view frames {view_texture_handles: 2147496770 view_texture_handles: 2147495298 pose { orientation { } position { } }}, this= 0x21cb9839280
[2025-12-07 21:50:52.354] [PSS] [info] [35504|14920]streaming_driver_interface_impl.cpp:87 SubmitViewFrames: submit view frames {view_texture_handles: 2147496770 view_texture_handles: 2147495298 pose { orientation { } position { } }}, this= 0x21cb9839280
[2025-12-07 21:50:52.387] [PSS] [info] [35504|14920]streaming_driver_interface_impl.cpp:87 SubmitViewFrames: submit view frames {view_texture_handles: 2147496770 view_texture_handles: 2147495298 pose { orientation { } position { } }}, this= 0x21cb9839280
[2025-12-07 21:50:52.416] [PSS] [info] [35504|14920]streaming_driver_interface_impl.cpp:87 SubmitViewFrames: submit view frames {view_texture_handles: 2147496770 view_texture_handles: 2147495298 pose { orientation { } position { } }}, this= 0x21cb9839280
[2025-12-07 21:50:52.449] [PSS] [info] [35504|14920]streaming_driver_interface_impl.cpp:87 SubmitViewFrames: submit view frames {view_texture_handles: 2147496770 view_texture_handles: 2147495298 pose { orientation { } position { } }}, this= 0x21cb9839280
[2025-12-07 21:50:52.482] [PSS] [info] [35504|14920]streaming_driver_interface_impl.cpp:87 SubmitViewFrames: submit view frames {view_texture_handles: 2147496770 view_texture_handles: 2147495298 pose { orientation { } position { } }}, this= 0x21cb9839280
[2025-12-07 21:50:52.511] [PSS] [info] [35504|14920]streaming_driver_interface_impl.cpp:87 SubmitViewFrames: submit view frames {view_texture_handles: 2147496770 view_texture_handles: 2147495298 pose { orientation { } position { } }}, this= 0x21cb9839280
[2025-12-07 21:50:52.544] [PSS] [info] [35504|14920]streaming_driver_interface_impl.cpp:87 SubmitViewFrames: submit view frames {view_texture_handles: 2147496770 view_texture_handles: 2147495298 pose { orientation { } position { } }}, this= 0x21cb9839280
[2025-12-07 21:50:52.574] [PSS] [info] [35504|14920]streaming_driver_interface_impl.cpp:87 SubmitViewFrames: submit view frames {view_texture_handles: 2147496770 view_texture_handles: 2147495298 pose { orientation { } position { } }}, this= 0x21cb9839280
[2025-12-07 21:50:52.603] [PSS] [info] [35504|14920]streaming_driver_interface_impl.cpp:87 SubmitViewFrames: submit view frames {view_texture_handles: 2147496770 view_texture_handles: 2147495298 pose { orientation { } position { } }}, this= 0x21cb9839280
[2025-12-07 21:50:52.637] [PSS] [info] [35504|14920]streaming_driver_interface_impl.cpp:87 SubmitViewFrames: submit view frames {view_texture_handles: 2147496770 view_texture_handles: 2147495298 pose { orientation { } position { } }}, this= 0x21cb9839280
[2025-12-07 21:50:52.666] [PSS] [info] [35504|14920]streaming_driver_interface_impl.cpp:87 SubmitViewFrames: submit view frames {view_texture_handles: 2147496770 view_texture_handles: 2147495298 pose { orientation { } position { } }}, this= 0x21cb9839280
[2025-12-07 21:50:52.700] [PSS] [info] [35504|14920]streaming_driver_interface_impl.cpp:87 SubmitViewFrames: submit view frames {view_texture_handles: 2147496770 view_texture_handles: 2147495298 pose { orientation { } position { } }}, this= 0x21cb9839280
[2025-12-07 21:50:52.729] [PSS] [info] [35504|14920]streaming_driver_interface_impl.cpp:87 SubmitViewFrames: submit view frames {view_texture_handles: 2147496770 view_texture_handles: 2147495298 pose { orientation { } position { } }}, this= 0x21cb9839280
[2025-12-07 21:50:52.762] [PSS] [info] [35504|14920]streaming_driver_interface_impl.cpp:87 SubmitViewFrames: submit view frames {view_texture_handles: 2147496770 view_texture_handles: 2147495298 pose { orientation { } position { } }}, this= 0x21cb9839280
[2025-12-07 21:50:52.791] [PSS] [info] [35504|14920]streaming_driver_interface_impl.cpp:87 SubmitViewFrames: submit view frames {view_texture_handles: 2147496770 view_texture_handles: 2147495298 pose { orientation { } position { } }}, this= 0x21cb9839280
[2025-12-07 21:50:52.823] [PSS] [info] [35504|14920]streaming_driver_interface_impl.cpp:87 SubmitViewFrames: submit view frames {view_texture_handles: 2147496770 view_texture_handles: 2147495298 pose { orientation { } position { } }}, this= 0x21cb9839280
[2025-12-07 21:50:52.852] [PSS] [info] [35504|14920]streaming_driver_interface_impl.cpp:87 SubmitViewFrames: submit view frames {view_texture_handles: 2147496770 view_texture_handles: 2147495298 pose { orientation { } position { } }}, this= 0x21cb9839280
[2025-12-07 21:50:52.886] [PSS] [info] [35504|14920]streaming_driver_interface_impl.cpp:87 SubmitViewFrames: submit view frames {view_texture_handles: 2147496770 view_texture_handles: 2147495298 pose { orientation { } position { } }}, this= 0x21cb9839280
[2025-12-07 21:50:52.915] [PSS] [info] [35504|14920]streaming_driver_interface_impl.cpp:87 SubmitViewFrames: submit view frames {view_texture_handles: 2147496770 view_texture_handles: 2147495298 pose { orientation { } position { } }}, this= 0x21cb9839280
[2025-12-07 21:50:52.949] [PSS] [info] [35504|14920]streaming_driver_interface_impl.cpp:87 SubmitViewFrames: submit view frames {view_texture_handles: 2147496770 view_texture_handles: 2147495298 pose { orientation { } position { } }}, this= 0x21cb9839280
[2025-12-07 21:50:52.978] [PSS] [info] [35504|14920]streaming_driver_interface_impl.cpp:87 SubmitViewFrames: submit view frames {view_texture_handles: 2147496770 view_texture_handles: 2147495298 pose { orientation { } position { } }}, this= 0x21cb9839280
[2025-12-07 21:50:53.011] [PSS] [info] [35504|14920]streaming_driver_interface_impl.cpp:87 SubmitViewFrames: submit view frames {view_texture_handles: 2147496770 view_texture_handles: 2147495298 pose { orientation { } position { } }}, this= 0x21cb9839280
[2025-12-07 21:50:53.043] [PSS] [info] [35504|14920]streaming_driver_interface_impl.cpp:87 SubmitViewFrames: submit view frames {view_texture_handles: 2147496770 view_texture_handles: 2147495298 pose { orientation { } position { } }}, this= 0x21cb9839280
[2025-12-07 21:50:53.071] [PSS] [info] [35504|14920]streaming_driver_interface_impl.cpp:87 SubmitViewFrames: submit view frames {view_texture_handles: 2147496770 view_texture_handles: 2147495298 pose { orientation { } position { } }}, this= 0x21cb9839280
[2025-12-07 21:50:53.104] [PSS] [info] [35504|14920]streaming_driver_interface_impl.cpp:87 SubmitViewFrames: submit view frames {view_texture_handles: 2147496770 view_texture_handles: 2147495298 pose { orientation { } position { } }}, this= 0x21cb9839280
[2025-12-07 21:50:53.133] [PSS] [info] [35504|14920]streaming_driver_interface_impl.cpp:87 SubmitViewFrames: submit view frames {view_texture_handles: 2147496770 view_texture_handles: 2147495298 pose { orientation { } position { } }}, this= 0x21cb9839280
[2025-12-07 21:50:53.166] [PSS] [info] [35504|14920]streaming_driver_interface_impl.cpp:87 SubmitViewFrames: submit view frames {view_texture_handles: 2147496770 view_texture_handles: 2147495298 pose { orientation { } position { } }}, this= 0x21cb9839280
[2025-12-07 21:50:53.195] [PSS] [info] [35504|14920]streaming_driver_interface_impl.cpp:87 SubmitViewFrames: submit view frames {view_texture_handles: 2147496770 view_texture_handles: 2147495298 pose { orientation { } position { } }}, this= 0x21cb9839280
[2025-12-07 21:50:53.228] [PSS] [info] [35504|14920]streaming_driver_interface_impl.cpp:87 SubmitViewFrames: submit view frames {view_texture_handles: 2147496770 view_texture_handles: 2147495298 pose { orientation { } position { } }}, this= 0x21cb9839280
[2025-12-07 21:50:53.257] [PSS] [info] [35504|14920]streaming_driver_interface_impl.cpp:87 SubmitViewFrames: submit view frames {view_texture_handles: 2147496770 view_texture_handles: 2147495298 pose { orientation { } position { } }}, this= 0x21cb9839280
[2025-12-07 21:50:53.287] [PSS] [info] [35504|14920]streaming_driver_interface_impl.cpp:87 SubmitViewFrames: submit view frames {view_texture_handles: 2147496770 view_texture_handles: 2147495298 pose { orientation { } position { } }}, this= 0x21cb9839280
[2025-12-07 21:50:53.320] [PSS] [info] [35504|14920]streaming_driver_interface_impl.cpp:87 SubmitViewFrames: submit view frames {view_texture_handles: 2147496770 view_texture_handles: 2147495298 pose { orientation { } position { } }}, this= 0x21cb9839280
[2025-12-07 21:50:53.349] [PSS] [info] [35504|14920]streaming_driver_interface_impl.cpp:87 SubmitViewFrames: submit view frames {view_texture_handles: 2147496770 view_texture_handles: 2147495298 pose { orientation { } position { } }}, this= 0x21cb9839280
[2025-12-07 21:50:53.382] [PSS] [info] [35504|14920]streaming_driver_interface_impl.cpp:87 SubmitViewFrames: submit view frames {view_texture_handles: 2147496770 view_texture_handles: 2147495298 pose { orientation { } position { } }}, this= 0x21cb9839280
[2025-12-07 21:50:53.411] [PSS] [info] [35504|14920]streaming_driver_interface_impl.cpp:87 SubmitViewFrames: submit view frames {view_texture_handles: 2147496770 view_texture_handles: 2147495298 pose { orientation { } position { } }}, this= 0x21cb9839280
[2025-12-07 21:50:53.444] [PSS] [info] [35504|14920]streaming_driver_interface_impl.cpp:87 SubmitViewFrames: submit view frames {view_texture_handles: 2147496770 view_texture_handles: 2147495298 pose { orientation { } position { } }}, this= 0x21cb9839280
[2025-12-07 21:50:53.473] [PSS] [info] [35504|14920]streaming_driver_interface_impl.cpp:87 SubmitViewFrames: submit view frames {view_texture_handles: 2147496770 view_texture_handles: 2147495298 pose { orientation { } position { } }}, this= 0x21cb9839280
[2025-12-07 21:50:53.506] [PSS] [info] [35504|14920]streaming_driver_interface_impl.cpp:87 SubmitViewFrames: submit view frames {view_texture_handles: 2147496770 view_texture_handles: 2147495298 pose { orientation { } position { } }}, this= 0x21cb9839280
[2025-12-07 21:50:53.535] [PSS] [info] [35504|14920]streaming_driver_interface_impl.cpp:87 SubmitViewFrames: submit view frames {view_texture_handles: 2147496770 view_texture_handles: 2147495298 pose { orientation { } position { } }}, this= 0x21cb9839280
[2025-12-07 21:50:53.568] [PSS] [info] [35504|14920]streaming_driver_interface_impl.cpp:87 SubmitViewFrames: submit view frames {view_texture_handles: 2147496770 view_texture_handles: 2147495298 pose { orientation { } position { } }}, this= 0x21cb9839280
[2025-12-07 21:50:53.597] [PSS] [info] [35504|14920]streaming_driver_interface_impl.cpp:87 SubmitViewFrames: submit view frames {view_texture_handles: 2147496770 view_texture_handles: 2147495298 pose { orientation { } position { } }}, this= 0x21cb9839280
[2025-12-07 21:50:53.631] [PSS] [info] [35504|14920]streaming_driver_interface_impl.cpp:87 SubmitViewFrames: submit view frames {view_texture_handles: 2147496770 view_texture_handles: 2147495298 pose { orientation { } position { } }}, this= 0x21cb9839280
[2025-12-07 21:50:53.661] [PSS] [info] [35504|14920]streaming_driver_interface_impl.cpp:87 SubmitViewFrames: submit view frames {view_texture_handles: 2147496770 view_texture_handles: 2147495298 pose { orientation { } position { } }}, this= 0x21cb9839280
[2025-12-07 21:50:53.695] [PSS] [info] [35504|14920]streaming_driver_interface_impl.cpp:87 SubmitViewFrames: submit view frames {view_texture_handles: 2147496770 view_texture_handles: 2147495298 pose { orientation { } position { } }}, this= 0x21cb9839280
[2025-12-07 21:50:53.724] [PSS] [info] [35504|14920]streaming_driver_interface_impl.cpp:87 SubmitViewFrames: submit view frames {view_texture_handles: 2147496770 view_texture_handles: 2147495298 pose { orientation { } position { } }}, this= 0x21cb9839280
[2025-12-07 21:50:53.753] [PSS] [info] [35504|14920]streaming_driver_interface_impl.cpp:87 SubmitViewFrames: submit view frames {view_texture_handles: 2147496770 view_texture_handles: 2147495298 pose { orientation { } position { } }}, this= 0x21cb9839280
[2025-12-07 21:50:53.785] [PSS] [info] [35504|14920]streaming_driver_interface_impl.cpp:87 SubmitViewFrames: submit view frames {view_texture_handles: 2147496770 view_texture_handles: 2147495298 pose { orientation { } position { } }}, this= 0x21cb9839280
[2025-12-07 21:50:53.819] [PSS] [info] [35504|14920]streaming_driver_interface_impl.cpp:87 SubmitViewFrames: submit view frames {view_texture_handles: 2147496770 view_texture_handles: 2147495298 pose { orientation { } position { } }}, this= 0x21cb9839280
[2025-12-07 21:50:53.848] [PSS] [info] [35504|14920]streaming_driver_interface_impl.cpp:87 SubmitViewFrames: submit view frames {view_texture_handles: 2147496770 view_texture_handles: 2147495298 pose { orientation { } position { } }}, this= 0x21cb9839280
[2025-12-07 21:50:53.882] [PSS] [info] [35504|14920]streaming_driver_interface_impl.cpp:87 SubmitViewFrames: submit view frames {view_texture_handles: 2147496770 view_texture_handles: 2147495298 pose { orientation { } position { } }}, this= 0x21cb9839280
[2025-12-07 21:50:53.915] [PSS] [info] [35504|14920]streaming_driver_interface_impl.cpp:87 SubmitViewFrames: submit view frames {view_texture_handles: 2147496770 view_texture_handles: 2147495298 pose { orientation { } position { } }}, this= 0x21cb9839280
[2025-12-07 21:50:53.945] [PSS] [info] [35504|14920]streaming_driver_interface_impl.cpp:87 SubmitViewFrames: submit view frames {view_texture_handles: 2147496770 view_texture_handles: 2147495298 pose { orientation { } position { } }}, this= 0x21cb9839280
[2025-12-07 21:50:53.980] [PSS] [info] [35504|14920]streaming_driver_interface_impl.cpp:87 SubmitViewFrames: submit view frames {view_texture_handles: 2147496770 view_texture_handles: 2147495298 pose { orientation { } position { } }}, this= 0x21cb9839280
[2025-12-07 21:50:54.009] [PSS] [info] [35504|14920]streaming_driver_interface_impl.cpp:87 SubmitViewFrames: submit view frames {view_texture_handles: 2147496770 view_texture_handles: 2147495298 pose { orientation { } position { } }}, this= 0x21cb9839280
[2025-12-07 21:50:54.041] [PSS] [info] [35504|14920]streaming_driver_interface_impl.cpp:87 SubmitViewFrames: submit view frames {view_texture_handles: 2147496770 view_texture_handles: 2147495298 pose { orientation { } position { } }}, this= 0x21cb9839280
[2025-12-07 21:50:54.075] [PSS] [info] [35504|14920]streaming_driver_interface_impl.cpp:87 SubmitViewFrames: submit view frames {view_texture_handles: 2147496770 view_texture_handles: 2147495298 pose { orientation { } position { } }}, this= 0x21cb9839280
[2025-12-07 21:50:54.103] [PSS] [info] [35504|14920]streaming_driver_interface_impl.cpp:87 SubmitViewFrames: submit view frames {view_texture_handles: 2147496770 view_texture_handles: 2147495298 pose { orientation { } position { } }}, this= 0x21cb9839280
[2025-12-07 21:50:54.137] [PSS] [info] [35504|14920]streaming_driver_interface_impl.cpp:87 SubmitViewFrames: submit view frames {view_texture_handles: 2147496770 view_texture_handles: 2147495298 pose { orientation { } position { } }}, this= 0x21cb9839280
[2025-12-07 21:50:54.166] [PSS] [info] [35504|14920]streaming_driver_interface_impl.cpp:87 SubmitViewFrames: submit view frames {view_texture_handles: 2147496770 view_texture_handles: 2147495298 pose { orientation { } position { } }}, this= 0x21cb9839280
[2025-12-07 21:50:54.200] [PSS] [info] [35504|14920]streaming_driver_interface_impl.cpp:87 SubmitViewFrames: submit view frames {view_texture_handles: 2147496770 view_texture_handles: 2147495298 pose { orientation { } position { } }}, this= 0x21cb9839280
[2025-12-07 21:50:54.229] [PSS] [info] [35504|14920]streaming_driver_interface_impl.cpp:87 SubmitViewFrames: submit view frames {view_texture_handles: 2147496770 view_texture_handles: 2147495298 pose { orientation { } position { } }}, this= 0x21cb9839280
[2025-12-07 21:50:54.262] [PSS] [info] [35504|14920]streaming_driver_interface_impl.cpp:87 SubmitViewFrames: submit view frames {view_texture_handles: 2147496770 view_texture_handles: 2147495298 pose { orientation { } position { } }}, this= 0x21cb9839280
[2025-12-07 21:50:54.292] [PSS] [info] [35504|14920]streaming_driver_interface_impl.cpp:87 SubmitViewFrames: submit view frames {view_texture_handles: 2147496770 view_texture_handles: 2147495298 pose { orientation { } position { } }}, this= 0x21cb9839280
[2025-12-07 21:50:54.326] [PSS] [info] [35504|14920]streaming_driver_interface_impl.cpp:87 SubmitViewFrames: submit view frames {view_texture_handles: 2147496770 view_texture_handles: 2147495298 pose { orientation { } position { } }}, this= 0x21cb9839280
[2025-12-07 21:50:54.355] [PSS] [info] [35504|14920]streaming_driver_interface_impl.cpp:87 SubmitViewFrames: submit view frames {view_texture_handles: 2147496770 view_texture_handles: 2147495298 pose { orientation { } position { } }}, this= 0x21cb9839280
[2025-12-07 21:50:54.388] [PSS] [info] [35504|14920]streaming_driver_interface_impl.cpp:87 SubmitViewFrames: submit view frames {view_texture_handles: 2147496770 view_texture_handles: 2147495298 pose { orientation { } position { } }}, this= 0x21cb9839280
[2025-12-07 21:50:54.417] [PSS] [info] [35504|14920]streaming_driver_interface_impl.cpp:87 SubmitViewFrames: submit view frames {view_texture_handles: 2147496770 view_texture_handles: 2147495298 pose { orientation { } position { } }}, this= 0x21cb9839280
[2025-12-07 21:50:54.450] [PSS] [info] [35504|14920]streaming_driver_interface_impl.cpp:87 SubmitViewFrames: submit view frames {view_texture_handles: 2147496770 view_texture_handles: 2147495298 pose { orientation { } position { } }}, this= 0x21cb9839280
[2025-12-07 21:50:54.479] [PSS] [info] [35504|14920]streaming_driver_interface_impl.cpp:87 SubmitViewFrames: submit view frames {view_texture_handles: 2147496770 view_texture_handles: 2147495298 pose { orientation { } position { } }}, this= 0x21cb9839280
[2025-12-07 21:50:54.512] [PSS] [info] [35504|14920]streaming_driver_interface_impl.cpp:87 SubmitViewFrames: submit view frames {view_texture_handles: 2147496770 view_texture_handles: 2147495298 pose { orientation { } position { } }}, this= 0x21cb9839280
[2025-12-07 21:50:54.542] [PSS] [info] [35504|14920]streaming_driver_interface_impl.cpp:87 SubmitViewFrames: submit view frames {view_texture_handles: 2147496770 view_texture_handles: 2147495298 pose { orientation { } position { } }}, this= 0x21cb9839280
[2025-12-07 21:50:54.571] [PSS] [info] [35504|14920]streaming_driver_interface_impl.cpp:87 SubmitViewFrames: submit view frames {view_texture_handles: 2147496770 view_texture_handles: 2147495298 pose { orientation { } position { } }}, this= 0x21cb9839280
[2025-12-07 21:50:54.603] [PSS] [info] [35504|14920]streaming_driver_interface_impl.cpp:87 SubmitViewFrames: submit view frames {view_texture_handles: 2147496770 view_texture_handles: 2147495298 pose { orientation { } position { } }}, this= 0x21cb9839280
[2025-12-07 21:50:54.633] [PSS] [info] [35504|14920]streaming_driver_interface_impl.cpp:87 SubmitViewFrames: submit view frames {view_texture_handles: 2147496770 view_texture_handles: 2147495298 pose { orientation { } position { } }}, this= 0x21cb9839280
[2025-12-07 21:50:54.666] [PSS] [info] [35504|14920]streaming_driver_interface_impl.cpp:87 SubmitViewFrames: submit view frames {view_texture_handles: 2147496770 view_texture_handles: 2147495298 pose { orientation { } position { } }}, this= 0x21cb9839280
[2025-12-07 21:50:54.699] [PSS] [info] [35504|14920]streaming_driver_interface_impl.cpp:87 SubmitViewFrames: submit view frames {view_texture_handles: 2147496770 view_texture_handles: 2147495298 pose { orientation { } position { } }}, this= 0x21cb9839280
[2025-12-07 21:50:54.728] [PSS] [info] [35504|14920]streaming_driver_interface_impl.cpp:87 SubmitViewFrames: submit view frames {view_texture_handles: 2147496770 view_texture_handles: 2147495298 pose { orientation { } position { } }}, this= 0x21cb9839280
[2025-12-07 21:50:54.762] [PSS] [info] [35504|14920]streaming_driver_interface_impl.cpp:87 SubmitViewFrames: submit view frames {view_texture_handles: 2147496770 view_texture_handles: 2147495298 pose { orientation { } position { } }}, this= 0x21cb9839280
[2025-12-07 21:50:54.791] [PSS] [info] [35504|14920]streaming_driver_interface_impl.cpp:87 SubmitViewFrames: submit view frames {view_texture_handles: 2147496770 view_texture_handles: 2147495298 pose { orientation { } position { } }}, this= 0x21cb9839280
[2025-12-07 21:50:54.820] [PSS] [info] [35504|14920]streaming_driver_interface_impl.cpp:87 SubmitViewFrames: submit view frames {view_texture_handles: 2147496770 view_texture_handles: 2147495298 pose { orientation { } position { } }}, this= 0x21cb9839280
[2025-12-07 21:50:54.854] [PSS] [info] [35504|14920]streaming_driver_interface_impl.cpp:87 SubmitViewFrames: submit view frames {view_texture_handles: 2147496770 view_texture_handles: 2147495298 pose { orientation { } position { } }}, this= 0x21cb9839280
[2025-12-07 21:50:54.884] [PSS] [info] [35504|14920]streaming_driver_interface_impl.cpp:87 SubmitViewFrames: submit view frames {view_texture_handles: 2147496770 view_texture_handles: 2147495298 pose { orientation { } position { } }}, this= 0x21cb9839280
[2025-12-07 21:50:54.916] [PSS] [info] [35504|14920]streaming_driver_interface_impl.cpp:87 SubmitViewFrames: submit view frames {view_texture_handles: 2147496770 view_texture_handles: 2147495298 pose { orientation { } position { } }}, this= 0x21cb9839280
[2025-12-07 21:50:54.945] [PSS] [info] [35504|14920]streaming_driver_interface_impl.cpp:87 SubmitViewFrames: submit view frames {view_texture_handles: 2147496770 view_texture_handles: 2147495298 pose { orientation { } position { } }}, this= 0x21cb9839280
[2025-12-07 21:50:54.978] [PSS] [info] [35504|14920]streaming_driver_interface_impl.cpp:87 SubmitViewFrames: submit view frames {view_texture_handles: 2147496770 view_texture_handles: 2147495298 pose { orientation { } position { } }}, this= 0x21cb9839280
[2025-12-07 21:50:55.007] [PSS] [info] [35504|14920]streaming_driver_interface_impl.cpp:87 SubmitViewFrames: submit view frames {view_texture_handles: 2147496770 view_texture_handles: 2147495298 pose { orientation { } position { } }}, this= 0x21cb9839280
[2025-12-07 21:50:55.040] [PSS] [info] [35504|14920]streaming_driver_interface_impl.cpp:87 SubmitViewFrames: submit view frames {view_texture_handles: 2147496770 view_texture_handles: 2147495298 pose { orientation { } position { } }}, this= 0x21cb9839280
[2025-12-07 21:50:55.070] [PSS] [info] [35504|14920]streaming_driver_interface_impl.cpp:87 SubmitViewFrames: submit view frames {view_texture_handles: 2147496770 view_texture_handles: 2147495298 pose { orientation { } position { } }}, this= 0x21cb9839280
[2025-12-07 21:50:55.103] [PSS] [info] [35504|14920]streaming_driver_interface_impl.cpp:87 SubmitViewFrames: submit view frames {view_texture_handles: 2147496770 view_texture_handles: 2147495298 pose { orientation { } position { } }}, this= 0x21cb9839280
[2025-12-07 21:50:55.132] [PSS] [info] [35504|14920]streaming_driver_interface_impl.cpp:87 SubmitViewFrames: submit view frames {view_texture_handles: 2147496770 view_texture_handles: 2147495298 pose { orientation { } position { } }}, this= 0x21cb9839280
[2025-12-07 21:50:55.166] [PSS] [info] [35504|14920]streaming_driver_interface_impl.cpp:87 SubmitViewFrames: submit view frames {view_texture_handles: 2147496770 view_texture_handles: 2147495298 pose { orientation { } position { } }}, this= 0x21cb9839280
[2025-12-07 21:50:55.197] [PSS] [info] [35504|14920]streaming_driver_interface_impl.cpp:87 SubmitViewFrames: submit view frames {view_texture_handles: 2147496770 view_texture_handles: 2147495298 pose { orientation { } position { } }}, this= 0x21cb9839280
[2025-12-07 21:50:55.230] [PSS] [info] [35504|14920]streaming_driver_interface_impl.cpp:87 SubmitViewFrames: submit view frames {view_texture_handles: 2147496770 view_texture_handles: 2147495298 pose { orientation { } position { } }}, this= 0x21cb9839280
[2025-12-07 21:50:55.259] [PSS] [info] [35504|14920]streaming_driver_interface_impl.cpp:87 SubmitViewFrames: submit view frames {view_texture_handles: 2147496770 view_texture_handles: 2147495298 pose { orientation { } position { } }}, this= 0x21cb9839280
[2025-12-07 21:50:55.288] [PSS] [info] [35504|14920]streaming_driver_interface_impl.cpp:87 SubmitViewFrames: submit view frames {view_texture_handles: 2147496770 view_texture_handles: 2147495298 pose { orientation { } position { } }}, this= 0x21cb9839280
[2025-12-07 21:50:55.320] [PSS] [info] [35504|14920]streaming_driver_interface_impl.cpp:87 SubmitViewFrames: submit view frames {view_texture_handles: 2147496770 view_texture_handles: 2147495298 pose { orientation { } position { } }}, this= 0x21cb9839280
[2025-12-07 21:50:55.350] [PSS] [info] [35504|14920]streaming_driver_interface_impl.cpp:87 SubmitViewFrames: submit view frames {view_texture_handles: 2147496770 view_texture_handles: 2147495298 pose { orientation { } position { } }}, this= 0x21cb9839280
[2025-12-07 21:50:55.383] [PSS] [info] [35504|14920]streaming_driver_interface_impl.cpp:87 SubmitViewFrames: submit view frames {view_texture_handles: 2147496770 view_texture_handles: 2147495298 pose { orientation { } position { } }}, this= 0x21cb9839280
[2025-12-07 21:50:55.412] [PSS] [info] [35504|14920]streaming_driver_interface_impl.cpp:87 SubmitViewFrames: submit view frames {view_texture_handles: 2147496770 view_texture_handles: 2147495298 pose { orientation { } position { } }}, this= 0x21cb9839280
[2025-12-07 21:50:55.445] [PSS] [info] [35504|14920]streaming_driver_interface_impl.cpp:87 SubmitViewFrames: submit view frames {view_texture_handles: 2147496770 view_texture_handles: 2147495298 pose { orientation { } position { } }}, this= 0x21cb9839280
[2025-12-07 21:50:55.475] [PSS] [info] [35504|14920]streaming_driver_interface_impl.cpp:87 SubmitViewFrames: submit view frames {view_texture_handles: 2147496770 view_texture_handles: 2147495298 pose { orientation { } position { } }}, this= 0x21cb9839280
[2025-12-07 21:50:55.504] [PSS] [info] [35504|14920]streaming_driver_interface_impl.cpp:87 SubmitViewFrames: submit view frames {view_texture_handles: 2147496770 view_texture_handles: 2147495298 pose { orientation { } position { } }}, this= 0x21cb9839280
[2025-12-07 21:50:55.537] [PSS] [info] [35504|14920]streaming_driver_interface_impl.cpp:87 SubmitViewFrames: submit view frames {view_texture_handles: 2147496770 view_texture_handles: 2147495298 pose { orientation { } position { } }}, this= 0x21cb9839280
[2025-12-07 21:50:55.566] [PSS] [info] [35504|14920]streaming_driver_interface_impl.cpp:87 SubmitViewFrames: submit view frames {view_texture_handles: 2147496770 view_texture_handles: 2147495298 pose { orientation { } position { } }}, this= 0x21cb9839280
[2025-12-07 21:50:55.599] [PSS] [info] [35504|14920]streaming_driver_interface_impl.cpp:87 SubmitViewFrames: submit view frames {view_texture_handles: 2147496770 view_texture_handles: 2147495298 pose { orientation { } position { } }}, this= 0x21cb9839280
[2025-12-07 21:50:55.628] [PSS] [info] [35504|14920]streaming_driver_interface_impl.cpp:87 SubmitViewFrames: submit view frames {view_texture_handles: 2147496770 view_texture_handles: 2147495298 pose { orientation { } position { } }}, this= 0x21cb9839280
[2025-12-07 21:50:55.662] [PSS] [info] [35504|14920]streaming_driver_interface_impl.cpp:87 SubmitViewFrames: submit view frames {view_texture_handles: 2147496770 view_texture_handles: 2147495298 pose { orientation { } position { } }}, this= 0x21cb9839280
[2025-12-07 21:50:55.691] [PSS] [info] [35504|14920]streaming_driver_interface_impl.cpp:87 SubmitViewFrames: submit view frames {view_texture_handles: 2147496770 view_texture_handles: 2147495298 pose { orientation { } position { } }}, this= 0x21cb9839280
[2025-12-07 21:50:55.723] [PSS] [info] [35504|14920]streaming_driver_interface_impl.cpp:87 SubmitViewFrames: submit view frames {view_texture_handles: 2147496770 view_texture_handles: 2147495298 pose { orientation { } position { } }}, this= 0x21cb9839280
[2025-12-07 21:50:55.753] [PSS] [info] [35504|14920]streaming_driver_interface_impl.cpp:87 SubmitViewFrames: submit view frames {view_texture_handles: 2147496770 view_texture_handles: 2147495298 pose { orientation { } position { } }}, this= 0x21cb9839280
[2025-12-07 21:50:55.786] [PSS] [info] [35504|14920]streaming_driver_interface_impl.cpp:87 SubmitViewFrames: submit view frames {view_texture_handles: 2147496770 view_texture_handles: 2147495298 pose { orientation { } position { } }}, this= 0x21cb9839280
[2025-12-07 21:50:55.815] [PSS] [info] [35504|14920]streaming_driver_interface_impl.cpp:87 SubmitViewFrames: submit view frames {view_texture_handles: 2147496770 view_texture_handles: 2147495298 pose { orientation { } position { } }}, this= 0x21cb9839280
[2025-12-07 21:50:55.849] [PSS] [info] [35504|14920]streaming_driver_interface_impl.cpp:87 SubmitViewFrames: submit view frames {view_texture_handles: 2147496770 view_texture_handles: 2147495298 pose { orientation { } position { } }}, this= 0x21cb9839280
[2025-12-07 21:50:55.878] [PSS] [info] [35504|14920]streaming_driver_interface_impl.cpp:87 SubmitViewFrames: submit view frames {view_texture_handles: 2147496770 view_texture_handles: 2147495298 pose { orientation { } position { } }}, this= 0x21cb9839280
[2025-12-07 21:50:55.912] [PSS] [info] [35504|14920]streaming_driver_interface_impl.cpp:87 SubmitViewFrames: submit view frames {view_texture_handles: 2147496770 view_texture_handles: 2147495298 pose { orientation { } position { } }}, this= 0x21cb9839280
[2025-12-07 21:50:55.941] [PSS] [info] [35504|14920]streaming_driver_interface_impl.cpp:87 SubmitViewFrames: submit view frames {view_texture_handles: 2147496770 view_texture_handles: 2147495298 pose { orientation { } position { } }}, this= 0x21cb9839280
[2025-12-07 21:50:55.970] [PSS] [info] [35504|14920]streaming_driver_interface_impl.cpp:87 SubmitViewFrames: submit view frames {view_texture_handles: 2147496770 view_texture_handles: 2147495298 pose { orientation { } position { } }}, this= 0x21cb9839280
[2025-12-07 21:50:56.002] [PSS] [info] [35504|14920]streaming_driver_interface_impl.cpp:87 SubmitViewFrames: submit view frames {view_texture_handles: 2147496770 view_texture_handles: 2147495298 pose { orientation { } position { } }}, this= 0x21cb9839280
[2025-12-07 21:50:56.033] [PSS] [info] [35504|14920]streaming_driver_interface_impl.cpp:87 SubmitViewFrames: submit view frames {view_texture_handles: 2147496770 view_texture_handles: 2147495298 pose { orientation { } position { } }}, this= 0x21cb9839280
[2025-12-07 21:50:56.066] [PSS] [info] [35504|14920]streaming_driver_interface_impl.cpp:87 SubmitViewFrames: submit view frames {view_texture_handles: 2147496770 view_texture_handles: 2147495298 pose { orientation { } position { } }}, this= 0x21cb9839280
[2025-12-07 21:50:56.096] [PSS] [info] [35504|14920]streaming_driver_interface_impl.cpp:87 SubmitViewFrames: submit view frames {view_texture_handles: 2147496770 view_texture_handles: 2147495298 pose { orientation { } position { } }}, this= 0x21cb9839280
[2025-12-07 21:50:56.128] [PSS] [info] [35504|14920]streaming_driver_interface_impl.cpp:87 SubmitViewFrames: submit view frames {view_texture_handles: 2147496770 view_texture_handles: 2147495298 pose { orientation { } position { } }}, this= 0x21cb9839280
[2025-12-07 21:50:56.161] [PSS] [info] [35504|14920]streaming_driver_interface_impl.cpp:87 SubmitViewFrames: submit view frames {view_texture_handles: 2147496770 view_texture_handles: 2147495298 pose { orientation { } position { } }}, this= 0x21cb9839280
[2025-12-07 21:50:56.191] [PSS] [info] [35504|14920]streaming_driver_interface_impl.cpp:87 SubmitViewFrames: submit view frames {view_texture_handles: 2147496770 view_texture_handles: 2147495298 pose { orientation { } position { } }}, this= 0x21cb9839280
[2025-12-07 21:50:56.220] [PSS] [info] [35504|14920]streaming_driver_interface_impl.cpp:87 SubmitViewFrames: submit view frames {view_texture_handles: 2147496770 view_texture_handles: 2147495298 pose { orientation { } position { } }}, this= 0x21cb9839280
[2025-12-07 21:50:56.253] [PSS] [info] [35504|14920]streaming_driver_interface_impl.cpp:87 SubmitViewFrames: submit view frames {view_texture_handles: 2147496770 view_texture_handles: 2147495298 pose { orientation { } position { } }}, this= 0x21cb9839280
[2025-12-07 21:50:56.282] [PSS] [info] [35504|14920]streaming_driver_interface_impl.cpp:87 SubmitViewFrames: submit view frames {view_texture_handles: 2147496770 view_texture_handles: 2147495298 pose { orientation { } position { } }}, this= 0x21cb9839280
[2025-12-07 21:50:56.316] [PSS] [info] [35504|14920]streaming_driver_interface_impl.cpp:87 SubmitViewFrames: submit view frames {view_texture_handles: 2147496770 view_texture_handles: 2147495298 pose { orientation { } position { } }}, this= 0x21cb9839280
[2025-12-07 21:50:56.345] [PSS] [info] [35504|14920]streaming_driver_interface_impl.cpp:87 SubmitViewFrames: submit view frames {view_texture_handles: 2147496770 view_texture_handles: 2147495298 pose { orientation { } position { } }}, this= 0x21cb9839280
[2025-12-07 21:50:56.379] [PSS] [info] [35504|14920]streaming_driver_interface_impl.cpp:87 SubmitViewFrames: submit view frames {view_texture_handles: 2147496770 view_texture_handles: 2147495298 pose { orientation { } position { } }}, this= 0x21cb9839280
[2025-12-07 21:50:56.409] [PSS] [info] [35504|14920]streaming_driver_interface_impl.cpp:87 SubmitViewFrames: submit view frames {view_texture_handles: 2147496770 view_texture_handles: 2147495298 pose { orientation { } position { } }}, this= 0x21cb9839280
[2025-12-07 21:50:56.438] [PSS] [info] [35504|14920]streaming_driver_interface_impl.cpp:87 SubmitViewFrames: submit view frames {view_texture_handles: 2147496770 view_texture_handles: 2147495298 pose { orientation { } position { } }}, this= 0x21cb9839280
[2025-12-07 21:50:56.471] [PSS] [info] [35504|14920]streaming_driver_interface_impl.cpp:87 SubmitViewFrames: submit view frames {view_texture_handles: 2147496770 view_texture_handles: 2147495298 pose { orientation { } position { } }}, this= 0x21cb9839280
[2025-12-07 21:50:56.500] [PSS] [info] [35504|14920]streaming_driver_interface_impl.cpp:87 SubmitViewFrames: submit view frames {view_texture_handles: 2147496770 view_texture_handles: 2147495298 pose { orientation { } position { } }}, this= 0x21cb9839280
[2025-12-07 21:50:56.533] [PSS] [info] [35504|14920]streaming_driver_interface_impl.cpp:87 SubmitViewFrames: submit view frames {view_texture_handles: 2147496770 view_texture_handles: 2147495298 pose { orientation { } position { } }}, this= 0x21cb9839280
[2025-12-07 21:50:56.562] [PSS] [info] [35504|14920]streaming_driver_interface_impl.cpp:87 SubmitViewFrames: submit view frames {view_texture_handles: 2147496770 view_texture_handles: 2147495298 pose { orientation { } position { } }}, this= 0x21cb9839280
[2025-12-07 21:50:56.596] [PSS] [info] [35504|14920]streaming_driver_interface_impl.cpp:87 SubmitViewFrames: submit view frames {view_texture_handles: 2147496770 view_texture_handles: 2147495298 pose { orientation { } position { } }}, this= 0x21cb9839280
[2025-12-07 21:50:56.625] [PSS] [info] [35504|14920]streaming_driver_interface_impl.cpp:87 SubmitViewFrames: submit view frames {view_texture_handles: 2147496770 view_texture_handles: 2147495298 pose { orientation { } position { } }}, this= 0x21cb9839280
[2025-12-07 21:50:56.654] [PSS] [info] [35504|14920]streaming_driver_interface_impl.cpp:87 SubmitViewFrames: submit view frames {view_texture_handles: 2147496770 view_texture_handles: 2147495298 pose { orientation { } position { } }}, this= 0x21cb9839280
[2025-12-07 21:50:56.687] [PSS] [info] [35504|14920]streaming_driver_interface_impl.cpp:87 SubmitViewFrames: submit view frames {view_texture_handles: 2147496770 view_texture_handles: 2147495298 pose { orientation { } position { } }}, this= 0x21cb9839280
[2025-12-07 21:50:56.716] [PSS] [info] [35504|14920]streaming_driver_interface_impl.cpp:87 SubmitViewFrames: submit view frames {view_texture_handles: 2147496770 view_texture_handles: 2147495298 pose { orientation { } position { } }}, this= 0x21cb9839280
[2025-12-07 21:50:56.750] [PSS] [info] [35504|14920]streaming_driver_interface_impl.cpp:87 SubmitViewFrames: submit view frames {view_texture_handles: 2147496770 view_texture_handles: 2147495298 pose { orientation { } position { } }}, this= 0x21cb9839280
[2025-12-07 21:50:56.779] [PSS] [info] [35504|14920]streaming_driver_interface_impl.cpp:87 SubmitViewFrames: submit view frames {view_texture_handles: 2147496770 view_texture_handles: 2147495298 pose { orientation { } position { } }}, this= 0x21cb9839280
[2025-12-07 21:50:56.811] [PSS] [info] [35504|14920]streaming_driver_interface_impl.cpp:87 SubmitViewFrames: submit view frames {view_texture_handles: 2147496770 view_texture_handles: 2147495298 pose { orientation { } position { } }}, this= 0x21cb9839280
[2025-12-07 21:50:56.845] [PSS] [info] [35504|14920]streaming_driver_interface_impl.cpp:87 SubmitViewFrames: submit view frames {view_texture_handles: 2147496770 view_texture_handles: 2147495298 pose { orientation { } position { } }}, this= 0x21cb9839280
[2025-12-07 21:50:56.873] [PSS] [info] [35504|14920]streaming_driver_interface_impl.cpp:87 SubmitViewFrames: submit view frames {view_texture_handles: 2147496770 view_texture_handles: 2147495298 pose { orientation { } position { } }}, this= 0x21cb9839280
[2025-12-07 21:50:56.907] [PSS] [info] [35504|14920]streaming_driver_interface_impl.cpp:87 SubmitViewFrames: submit view frames {view_texture_handles: 2147496770 view_texture_handles: 2147495298 pose { orientation { } position { } }}, this= 0x21cb9839280
[2025-12-07 21:50:56.936] [PSS] [debug] [35504|26704]streaming_driver_interface_impl.cpp:444 HandleIpdChangedEvent: ipd changed {ipd: 0.06683}, this= 0x21cb9839280
[2025-12-07 21:50:56.944] [PSS] [info] [35504|14920]streaming_driver_interface_impl.cpp:87 SubmitViewFrames: submit view frames {view_texture_handles: 2147496770 view_texture_handles: 2147495298 pose { orientation { x: -0.172217742 y: 0.0131854611 z: 0.132424831 w: 0.976028144 } position { x: 0.00662697433 y: 1.01884413 z: 0.0030134269 } }}, this= 0x21cb9839280
[2025-12-07 21:50:56.977] [PSS] [info] [35504|14920]streaming_driver_interface_impl.cpp:87 SubmitViewFrames: submit view frames {view_texture_handles: 2147496770 view_texture_handles: 2147495298 pose { orientation { x: -0.171569571 y: 0.0118624708 z: 0.133861244 w: 0.975963295 } position { x: 0.00748887565 y: 1.0195086 z: 0.00332651217 } }}, this= 0x21cb9839280
[2025-12-07 21:50:57.016] [PSS] [info] [35504|14920]streaming_driver_interface_impl.cpp:87 SubmitViewFrames: submit view frames {view_texture_handles: 2147496770 view_texture_handles: 2147495298 pose { orientation { x: -0.172233731 y: 0.00848771818 z: 0.136489809 w: 0.975517333 } position { x: 0.00894477498 y: 1.01979899 z: 0.00358686713 } }}, this= 0x21cb9839280
[2025-12-07 21:50:57.034] [PSS] [info] [35504|14920]streaming_driver_interface_impl.cpp:87 SubmitViewFrames: submit view frames {view_texture_handles: 2147496770 view_texture_handles: 2147495298 pose { orientation { x: -0.172657773 y: 0.00703916559 z: 0.137196809 w: 0.975354671 } position { x: 0.00931186322 y: 1.01966929 z: 0.0035401152 } }}, this= 0x21cb9839280
[2025-12-07 21:50:57.066] [PSS] [info] [35504|14920]streaming_driver_interface_impl.cpp:87 SubmitViewFrames: submit view frames {view_texture_handles: 2147496770 view_texture_handles: 2147495298 pose { orientation { x: -0.174609587 y: 0.0050101364 z: 0.139001921 w: 0.974764049 } position { x: 0.00987258088 y: 1.01900125 z: 0.00326706958 } }}, this= 0x21cb9839280
[2025-12-07 21:50:57.099] [PSS] [info] [35504|14920]streaming_driver_interface_impl.cpp:87 SubmitViewFrames: submit view frames {view_texture_handles: 2147496770 view_texture_handles: 2147495298 pose { orientation { x: -0.178185031 y: 0.00322706765 z: 0.140804276 w: 0.97386539 } position { x: 0.0104501052 y: 1.01735187 z: 0.00248632301 } }}, this= 0x21cb9839280
[2025-12-07 21:50:57.153] [PSS] [info] [35504|14920]streaming_driver_interface_impl.cpp:87 SubmitViewFrames: submit view frames {view_texture_handles: 2147496770 view_texture_handles: 2147495298 pose { orientation { x: -0.183666915 y: 0.00276475539 z: 0.141664147 w: 0.972723067 } position { x: 0.0109723974 y: 1.01466155 z: 0.00142692425 } }}, this= 0x21cb9839280
[2025-12-07 21:50:57.215] [PSS] [info] [35504|14920]streaming_driver_interface_impl.cpp:87 SubmitViewFrames: submit view frames {view_texture_handles: 2147496770 view_texture_handles: 2147495298 pose { orientation { x: -0.195462018 y: 0.000250777026 z: 0.142311364 w: 0.970330894 } position { x: 0.0126669239 y: 1.01111865 z: -9.2671653e-05 } }}, this= 0x21cb9839280
[2025-12-07 21:50:57.247] [PSS] [info] [35504|14920]streaming_driver_interface_impl.cpp:87 SubmitViewFrames: submit view frames {view_texture_handles: 2147496770 view_texture_handles: 2147495298 pose { orientation { x: -0.198620513 y: -0.00108703738 z: 0.141549751 w: 0.969800174 } position { x: 0.0139563708 y: 1.00815785 z: -0.00135176815 } }}, this= 0x21cb9839280
[2025-12-07 21:50:57.277] [PSS] [info] [35504|14920]streaming_driver_interface_impl.cpp:87 SubmitViewFrames: submit view frames {view_texture_handles: 2147496770 view_texture_handles: 2147495298 pose { orientation { x: -0.201721594 y: -0.00299622933 z: 0.140172496 w: 0.96935606 } position { x: 0.0145431086 y: 1.00768363 z: -0.00214673136 } }}, this= 0x21cb9839280
[2025-12-07 21:50:57.280] [PSS] [info] [35504|14920]streaming_driver_interface_impl.cpp:87 SubmitViewFrames: submit view frames {view_texture_handles: 2147496770 view_texture_handles: 2147495298 pose { orientation { x: -0.202215105 y: -0.00378487143 z: 0.139555082 w: 0.96933955 } position { x: 0.0148531757 y: 1.00751829 z: -0.0025853496 } }}, this= 0x21cb9839280
[2025-12-07 21:50:57.311] [PSS] [info] [35504|14920]streaming_driver_interface_impl.cpp:87 SubmitViewFrames: submit view frames {view_texture_handles: 2147496770 view_texture_handles: 2147495298 pose { orientation { x: -0.202556267 y: -0.00473884586 z: 0.138094932 w: 0.969473302 } position { x: 0.0153321186 y: 1.00673902 z: -0.00323813083 } }}, this= 0x21cb9839280
[2025-12-07 21:50:57.374] [PSS] [info] [35504|14920]streaming_driver_interface_impl.cpp:87 SubmitViewFrames: submit view frames {view_texture_handles: 2147496770 view_texture_handles: 2147495298 pose { orientation { x: -0.202146173 y: -0.00587406149 z: 0.135377347 w: 0.969935834 } position { x: 0.0162550081 y: 1.00649559 z: -0.00433782488 } }}, this= 0x21cb9839280
[2025-12-07 21:50:57.379] [PSS] [info] [35504|14920]streaming_driver_interface_impl.cpp:87 SubmitViewFrames: submit view frames {view_texture_handles: 2147496770 view_texture_handles: 2147495298 pose { orientation { x: -0.201516435 y: -0.00543740392 z: 0.135509506 w: 0.970051 } position { x: 0.0153014231 y: 1.00726724 z: -0.0050579845 } }}, this= 0x21cb9839280
[2025-12-07 21:50:57.411] [PSS] [info] [35504|14920]streaming_driver_interface_impl.cpp:87 SubmitViewFrames: submit view frames {view_texture_handles: 2147496770 view_texture_handles: 2147495298 pose { orientation { x: -0.199269563 y: -0.0036573417 z: 0.136055321 w: 0.970446885 } position { x: 0.0157172345 y: 1.00720811 z: -0.0051678 } }}, this= 0x21cb9839280
[2025-12-07 21:50:57.439] [PSS] [info] [35504|14920]streaming_driver_interface_impl.cpp:87 SubmitViewFrames: submit view frames {view_texture_handles: 2147496770 view_texture_handles: 2147495298 pose { orientation { x: -0.198871478 y: -0.00439226301 z: 0.133179814 w: 0.970924318 } position { x: 0.0170166474 y: 1.00662434 z: -0.0052219932 } }}, this= 0x21cb9839280
[2025-12-07 21:50:57.466] [PSS] [info] [35504|14920]streaming_driver_interface_impl.cpp:87 SubmitViewFrames: submit view frames {view_texture_handles: 2147496770 view_texture_handles: 2147495298 pose { orientation { x: -0.198731586 y: -0.00545454584 z: 0.130814016 w: 0.971269131 } position { x: 0.0171207748 y: 1.00733471 z: -0.00570888352 } }}, this= 0x21cb9839280
[2025-12-07 21:50:57.472] [PSS] [info] [35504|14920]streaming_driver_interface_impl.cpp:87 SubmitViewFrames: submit view frames {view_texture_handles: 2147496770 view_texture_handles: 2147495298 pose { orientation { x: -0.198731586 y: -0.00545454584 z: 0.130814016 w: 0.971269131 } position { x: 0.0171207748 y: 1.00733471 z: -0.00570888352 } }}, this= 0x21cb9839280
[2025-12-07 21:50:57.531] [PSS] [info] [35504|14920]streaming_driver_interface_impl.cpp:87 SubmitViewFrames: submit view frames {view_texture_handles: 2147496770 view_texture_handles: 2147495298 pose { orientation { x: -0.197859868 y: -0.0063927914 z: 0.128465533 w: 0.97175473 } position { x: 0.0184512753 y: 1.00699496 z: -0.00678864075 } }}, this= 0x21cb9839280
[2025-12-07 21:50:57.559] [PSS] [info] [35504|14920]streaming_driver_interface_impl.cpp:87 SubmitViewFrames: submit view frames {view_texture_handles: 2147496770 view_texture_handles: 2147495298 pose { orientation { x: -0.198839307 y: -0.00766866934 z: 0.127398133 w: 0.971686065 } position { x: 0.0191794895 y: 1.00675201 z: -0.00721917069 } }}, this= 0x21cb9839280
[2025-12-07 21:50:57.590] [PSS] [info] [35504|14920]streaming_driver_interface_impl.cpp:87 SubmitViewFrames: submit view frames {view_texture_handles: 2147496770 view_texture_handles: 2147495298 pose { orientation { x: -0.199482396 y: -0.00881455094 z: 0.126116887 w: 0.971711695 } position { x: 0.0199478529 y: 1.00651288 z: -0.00769166229 } }}, this= 0x21cb9839280
[2025-12-07 21:50:57.595] [PSS] [info] [35504|14920]streaming_driver_interface_impl.cpp:87 SubmitViewFrames: submit view frames {view_texture_handles: 2147496770 view_texture_handles: 2147495298 pose { orientation { x: -0.199482396 y: -0.00881455094 z: 0.126116887 w: 0.971711695 } position { x: 0.0199478529 y: 1.00651288 z: -0.00769166229 } }}, this= 0x21cb9839280
[2025-12-07 21:50:57.621] [PSS] [info] [35504|14920]streaming_driver_interface_impl.cpp:87 SubmitViewFrames: submit view frames {view_texture_handles: 2147496770 view_texture_handles: 2147495298 pose { orientation { x: -0.200085282 y: -0.0103715872 z: 0.124609955 w: 0.97176677 } position { x: 0.0207808204 y: 1.00611234 z: -0.0080824215 } }}, this= 0x21cb9839280
[2025-12-07 21:50:57.654] [PSS] [info] [35504|14920]streaming_driver_interface_impl.cpp:87 SubmitViewFrames: submit view frames {view_texture_handles: 2147496770 view_texture_handles: 2147495298 pose { orientation { x: -0.200437114 y: -0.0114380606 z: 0.123612255 w: 0.971809745 } position { x: 0.0214958228 y: 1.00571966 z: -0.00849858 } }}, this= 0x21cb9839280
[2025-12-07 21:50:57.681] [PSS] [info] [35504|14920]streaming_driver_interface_impl.cpp:87 SubmitViewFrames: submit view frames {view_texture_handles: 2147496770 view_texture_handles: 2147495298 pose { orientation { x: -0.201389119 y: -0.012474128 z: 0.121883944 w: 0.971818566 } position { x: 0.0221574046 y: 1.00496697 z: -0.00876789726 } }}, this= 0x21cb9839280
[2025-12-07 21:50:57.714] [PSS] [info] [35504|14920]streaming_driver_interface_impl.cpp:87 SubmitViewFrames: submit view frames {view_texture_handles: 2147496770 view_texture_handles: 2147495298 pose { orientation { x: -0.203027368 y: -0.0134672364 z: 0.120887287 w: 0.97158879 } position { x: 0.022675 y: 1.00409579 z: -0.00938274432 } }}, this= 0x21cb9839280
[2025-12-07 21:50:57.742] [PSS] [info] [35504|14920]streaming_driver_interface_impl.cpp:87 SubmitViewFrames: submit view frames {view_texture_handles: 2147496770 view_texture_handles: 2147495298 pose { orientation { x: -0.204221442 y: -0.0133213671 z: 0.12079826 w: 0.971351624 } position { x: 0.0228538625 y: 1.00322008 z: -0.00966396462 } }}, this= 0x21cb9839280
[2025-12-07 21:50:57.772] [PSS] [info] [35504|14920]streaming_driver_interface_impl.cpp:87 SubmitViewFrames: submit view frames {view_texture_handles: 2147496770 view_texture_handles: 2147495298 pose { orientation { x: -0.205309644 y: -0.0130625702 z: 0.120881848 w: 0.971115291 } position { x: 0.0228940491 y: 1.0027144 z: -0.00992411189 } }}, this= 0x21cb9839280
[2025-12-07 21:50:57.803] [PSS] [info] [35504|14920]streaming_driver_interface_impl.cpp:87 SubmitViewFrames: submit view frames {view_texture_handles: 2147496770 view_texture_handles: 2147495298 pose { orientation { x: -0.205338269 y: -0.0119363535 z: 0.120867379 w: 0.971125543 } position { x: 0.0226396807 y: 1.00222516 z: -0.0102398405 } }}, this= 0x21cb9839280
[2025-12-07 21:50:57.831] [PSS] [info] [35504|14920]streaming_driver_interface_impl.cpp:87 SubmitViewFrames: submit view frames {view_texture_handles: 2147496770 view_texture_handles: 2147495298 pose { orientation { x: -0.206207082 y: -0.0113048078 z: 0.120801993 w: 0.9709571 } position { x: 0.0226558857 y: 1.00164127 z: -0.0104010124 } }}, this= 0x21cb9839280
[2025-12-07 21:50:57.863] [PSS] [info] [35504|14920]streaming_driver_interface_impl.cpp:87 SubmitViewFrames: submit view frames {view_texture_handles: 2147496770 view_texture_handles: 2147495298 pose { orientation { x: -0.206761152 y: -0.0118811261 z: 0.120973386 w: 0.970811069 } position { x: 0.0226264577 y: 1.00113845 z: -0.0107752802 } }}, this= 0x21cb9839280
[2025-12-07 21:50:57.892] [PSS] [info] [35504|14920]streaming_driver_interface_impl.cpp:87 SubmitViewFrames: submit view frames {view_texture_handles: 2147496770 view_texture_handles: 2147495298 pose { orientation { x: -0.206677169 y: -0.010576684 z: 0.122397542 w: 0.970665514 } position { x: 0.0223339628 y: 1.00077915 z: -0.0111709442 } }}, this= 0x21cb9839280
[2025-12-07 21:50:57.918] [PSS] [info] [35504|14920]streaming_driver_interface_impl.cpp:87 SubmitViewFrames: submit view frames {view_texture_handles: 2147496770 view_texture_handles: 2147495298 pose { orientation { x: -0.208435714 y: -0.01028754 z: 0.122991718 w: 0.970217407 } position { x: 0.022221325 y: 1.00004041 z: -0.011362 } }}, this= 0x21cb9839280
[2025-12-07 21:50:57.951] [PSS] [info] [35504|14920]streaming_driver_interface_impl.cpp:87 SubmitViewFrames: submit view frames {view_texture_handles: 2147496770 view_texture_handles: 2147495298 pose { orientation { x: -0.209820166 y: -0.00981306843 z: 0.124388501 w: 0.969745696 } position { x: 0.0219458919 y: 0.998670459 z: -0.0118058203 } }}, this= 0x21cb9839280
[2025-12-07 21:50:57.978] [PSS] [info] [35504|14920]streaming_driver_interface_impl.cpp:87 SubmitViewFrames: submit view frames {view_texture_handles: 2147496770 view_texture_handles: 2147495298 pose { orientation { x: -0.21136491 y: -0.00996593386 z: 0.125497684 w: 0.96926564 } position { x: 0.0216705427 y: 0.997914732 z: -0.0121952761 } }}, this= 0x21cb9839280
[2025-12-07 21:50:58.010] [PSS] [info] [35504|14920]streaming_driver_interface_impl.cpp:87 SubmitViewFrames: submit view frames {view_texture_handles: 2147496770 view_texture_handles: 2147495298 pose { orientation { x: -0.212467521 y: -0.0087143844 z: 0.126309201 w: 0.968931139 } position { x: 0.0212336276 y: 0.996976912 z: -0.0125469742 } }}, this= 0x21cb9839280
[2025-12-07 21:50:58.038] [PSS] [info] [35504|14920]streaming_driver_interface_impl.cpp:87 SubmitViewFrames: submit view frames {view_texture_handles: 2147496770 view_texture_handles: 2147495298 pose { orientation { x: -0.213239804 y: -0.00732186949 z: 0.126828015 w: 0.968705237 } position { x: 0.0208818875 y: 0.996206045 z: -0.012840786 } }}, this= 0x21cb9839280
[2025-12-07 21:50:58.069] [PSS] [info] [35504|14920]streaming_driver_interface_impl.cpp:87 SubmitViewFrames: submit view frames {view_texture_handles: 2147496770 view_texture_handles: 2147495298 pose { orientation { x: -0.213418871 y: -0.00675362488 z: 0.127072424 w: 0.968637943 } position { x: 0.0206418615 y: 0.995692492 z: -0.0132036405 } }}, this= 0x21cb9839280
[2025-12-07 21:50:58.097] [PSS] [info] [35504|14920]streaming_driver_interface_impl.cpp:87 SubmitViewFrames: submit view frames {view_texture_handles: 2147496770 view_texture_handles: 2147495298 pose { orientation { x: -0.213996291 y: -0.00599463703 z: 0.127151102 w: 0.968505144 } position { x: 0.0202575233 y: 0.995176 z: -0.0135080153 } }}, this= 0x21cb9839280
[2025-12-07 21:50:58.125] [PSS] [info] [35504|14920]streaming_driver_interface_impl.cpp:87 SubmitViewFrames: submit view frames {view_texture_handles: 2147496770 view_texture_handles: 2147495298 pose { orientation { x: -0.214443609 y: -0.00435907533 z: 0.127613008 w: 0.968354225 } position { x: 0.019766964 y: 0.994606912 z: -0.013697926 } }}, this= 0x21cb9839280
[2025-12-07 21:50:58.157] [PSS] [info] [35504|14920]streaming_driver_interface_impl.cpp:87 SubmitViewFrames: submit view frames {view_texture_handles: 2147496770 view_texture_handles: 2147495298 pose { orientation { x: -0.214438036 y: -0.00304894662 z: 0.127351314 w: 0.968394876 } position { x: 0.0191098787 y: 0.994365633 z: -0.0140268989 } }}, this= 0x21cb9839280
[2025-12-07 21:50:58.185] [PSS] [info] [35504|14920]streaming_driver_interface_impl.cpp:87 SubmitViewFrames: submit view frames {view_texture_handles: 2147496770 view_texture_handles: 2147495298 pose { orientation { x: -0.21430923 y: -0.00250058412 z: 0.127379656 w: 0.96842128 } position { x: 0.018827498 y: 0.994277894 z: -0.0141352 } }}, this= 0x21cb9839280
[2025-12-07 21:50:58.216] [PSS] [info] [35504|14920]streaming_driver_interface_impl.cpp:87 SubmitViewFrames: submit view frames {view_texture_handles: 2147496770 view_texture_handles: 2147495298 pose { orientation { x: -0.214420274 y: -0.000757610193 z: 0.12787275 w: 0.968334615 } position { x: 0.0179775245 y: 0.994169176 z: -0.014219339 } }}, this= 0x21cb9839280
[2025-12-07 21:50:58.244] [PSS] [info] [35504|14920]streaming_driver_interface_impl.cpp:87 SubmitViewFrames: submit view frames {view_texture_handles: 2147496770 view_texture_handles: 2147495298 pose { orientation { x: -0.213911653 y: 0.000381021382 z: 0.128272399 w: 0.968394458 } position { x: 0.0174297113 y: 0.994341195 z: -0.0142811695 } }}, this= 0x21cb9839280
[2025-12-07 21:50:58.277] [PSS] [info] [35504|14920]streaming_driver_interface_impl.cpp:87 SubmitViewFrames: submit view frames {view_texture_handles: 2147496770 view_texture_handles: 2147495298 pose { orientation { x: -0.213265955 y: 0.000821881229 z: 0.128522009 w: 0.968503535 } position { x: 0.0171049219 y: 0.994593799 z: -0.0143488627 } }}, this= 0x21cb9839280
[2025-12-07 21:50:58.304] [PSS] [info] [35504|14920]streaming_driver_interface_impl.cpp:87 SubmitViewFrames: submit view frames {view_texture_handles: 2147496770 view_texture_handles: 2147495298 pose { orientation { x: -0.212647662 y: 0.0010269644 z: 0.128942683 w: 0.968583345 } position { x: 0.0166874528 y: 0.994625628 z: -0.0144024836 } }}, this= 0x21cb9839280
[2025-12-07 21:50:58.336] [PSS] [info] [35504|14920]streaming_driver_interface_impl.cpp:87 SubmitViewFrames: submit view frames {view_texture_handles: 2147496770 view_texture_handles: 2147495298 pose { orientation { x: -0.212262347 y: 0.00134062232 z: 0.129434049 w: 0.968601942 } position { x: 0.0162486434 y: 0.994667947 z: -0.0143828727 } }}, this= 0x21cb9839280
[2025-12-07 21:50:58.364] [PSS] [info] [35504|14920]streaming_driver_interface_impl.cpp:87 SubmitViewFrames: submit view frames {view_texture_handles: 2147496770 view_texture_handles: 2147495298 pose { orientation { x: -0.212184861 y: 0.00169470406 z: 0.129908 w: 0.968554914 } position { x: 0.0158651229 y: 0.994661093 z: -0.0143515943 } }}, this= 0x21cb9839280
[2025-12-07 21:50:58.396] [PSS] [info] [35504|14920]streaming_driver_interface_impl.cpp:87 SubmitViewFrames: submit view frames {view_texture_handles: 2147496770 view_texture_handles: 2147495298 pose { orientation { x: -0.211882904 y: 0.00228149095 z: 0.129838392 w: 0.968629122 } position { x: 0.0154208941 y: 0.994898796 z: -0.0141492588 } }}, this= 0x21cb9839280
[2025-12-07 21:50:58.423] [PSS] [info] [35504|14920]streaming_driver_interface_impl.cpp:87 SubmitViewFrames: submit view frames {view_texture_handles: 2147496770 view_texture_handles: 2147495298 pose { orientation { x: -0.210969925 y: 0.00276861875 z: 0.128805608 w: 0.968965 } position { x: 0.0150815127 y: 0.995293558 z: -0.0141150756 } }}, this= 0x21cb9839280
[2025-12-07 21:50:58.455] [PSS] [info] [35504|14920]streaming_driver_interface_impl.cpp:87 SubmitViewFrames: submit view frames {view_texture_handles: 2147496770 view_texture_handles: 2147495298 pose { orientation { x: -0.209877148 y: 0.00373131898 z: 0.127936915 w: 0.969314098 } position { x: 0.0147962542 y: 0.995659351 z: -0.0139177749 } }}, this= 0x21cb9839280
[2025-12-07 21:50:58.483] [PSS] [info] [35504|14920]streaming_driver_interface_impl.cpp:87 SubmitViewFrames: submit view frames {view_texture_handles: 2147496770 view_texture_handles: 2147495298 pose { orientation { x: -0.209043667 y: 0.00428292807 z: 0.127188206 w: 0.969590425 } position { x: 0.0145839266 y: 0.996226966 z: -0.0136920623 } }}, this= 0x21cb9839280
[2025-12-07 21:50:58.515] [PSS] [info] [35504|14920]streaming_driver_interface_impl.cpp:87 SubmitViewFrames: submit view frames {view_texture_handles: 2147496770 view_texture_handles: 2147495298 pose { orientation { x: -0.20834665 y: 0.00507727545 z: 0.126164332 w: 0.969870389 } position { x: 0.0143703455 y: 0.996641934 z: -0.0135105802 } }}, this= 0x21cb9839280
[2025-12-07 21:50:58.543] [PSS] [info] [35504|14920]streaming_driver_interface_impl.cpp:87 SubmitViewFrames: submit view frames {view_texture_handles: 2147496770 view_texture_handles: 2147495298 pose { orientation { x: -0.207087338 y: 0.00515154 z: 0.12554644 w: 0.970219791 } position { x: 0.0142651824 y: 0.997091413 z: -0.013450142 } }}, this= 0x21cb9839280
[2025-12-07 21:50:58.576] [PSS] [info] [35504|14920]streaming_driver_interface_impl.cpp:87 SubmitViewFrames: submit view frames {view_texture_handles: 2147496770 view_texture_handles: 2147495298 pose { orientation { x: -0.206058979 y: 0.00555518316 z: 0.125060156 w: 0.970499277 } position { x: 0.0140422285 y: 0.997360289 z: -0.0132473959 } }}, this= 0x21cb9839280
[2025-12-07 21:50:58.603] [PSS] [info] [35504|14920]streaming_driver_interface_impl.cpp:87 SubmitViewFrames: submit view frames {view_texture_handles: 2147496770 view_texture_handles: 2147495298 pose { orientation { x: -0.206078649 y: 0.00560907833 z: 0.124798782 w: 0.970528424 } position { x: 0.0139696933 y: 0.997459829 z: -0.0131012918 } }}, this= 0x21cb9839280
[2025-12-07 21:50:58.635] [PSS] [info] [35504|14920]streaming_driver_interface_impl.cpp:87 SubmitViewFrames: submit view frames {view_texture_handles: 2147496770 view_texture_handles: 2147495298 pose { orientation { x: -0.20639044 y: 0.00523519795 z: 0.12533249 w: 0.970395446 } position { x: 0.0138823008 y: 0.997421622 z: -0.0130569134 } }}, this= 0x21cb9839280
[2025-12-07 21:50:58.663] [PSS] [info] [35504|14920]streaming_driver_interface_impl.cpp:87 SubmitViewFrames: submit view frames {view_texture_handles: 2147496770 view_texture_handles: 2147495298 pose { orientation { x: -0.207084268 y: 0.00534760254 z: 0.126056954 w: 0.970153153 } position { x: 0.0136545692 y: 0.997200429 z: -0.012967295 } }}, this= 0x21cb9839280
[2025-12-07 21:50:58.694] [PSS] [info] [35504|14920]streaming_driver_interface_impl.cpp:87 SubmitViewFrames: submit view frames {view_texture_handles: 2147496770 view_texture_handles: 2147495298 pose { orientation { x: -0.207323819 y: 0.00565878 z: 0.126724377 w: 0.97001332 } position { x: 0.0133967306 y: 0.996918321 z: -0.0129050473 } }}, this= 0x21cb9839280
[2025-12-07 21:50:58.722] [PSS] [info] [35504|14920]streaming_driver_interface_impl.cpp:87 SubmitViewFrames: submit view frames {view_texture_handles: 2147496770 view_texture_handles: 2147495298 pose { orientation { x: -0.20802772 y: 0.00568867847 z: 0.127769753 w: 0.969725192 } position { x: 0.0132633252 y: 0.996659 z: -0.0128168007 } }}, this= 0x21cb9839280
[2025-12-07 21:50:58.754] [PSS] [info] [35504|14920]streaming_driver_interface_impl.cpp:87 SubmitViewFrames: submit view frames {view_texture_handles: 2147496770 view_texture_handles: 2147495298 pose { orientation { x: -0.208469614 y: 0.00572149362 z: 0.128394276 w: 0.969547629 } position { x: 0.0130928941 y: 0.99638319 z: -0.012808525 } }}, this= 0x21cb9839280
[2025-12-07 21:50:58.782] [PSS] [info] [35504|14920]streaming_driver_interface_impl.cpp:87 SubmitViewFrames: submit view frames {view_texture_handles: 2147496770 view_texture_handles: 2147495298 pose { orientation { x: -0.208751753 y: 0.00562630035 z: 0.12891075 w: 0.969418943 } position { x: 0.0130234612 y: 0.996125817 z: -0.0128004048 } }}, this= 0x21cb9839280
[2025-12-07 21:50:58.813] [PSS] [info] [35504|14920]streaming_driver_interface_impl.cpp:87 SubmitViewFrames: submit view frames {view_texture_handles: 2147496770 view_texture_handles: 2147495298 pose { orientation { x: -0.20895499 y: 0.00591357797 z: 0.129104584 w: 0.969347656 } position { x: 0.0127428835 y: 0.99573344 z: -0.012812743 } }}, this= 0x21cb9839280
[2025-12-07 21:50:58.841] [PSS] [info] [35504|14920]streaming_driver_interface_impl.cpp:87 SubmitViewFrames: submit view frames {view_texture_handles: 2147496770 view_texture_handles: 2147495298 pose { orientation { x: -0.209614277 y: 0.00615811208 z: 0.129203096 w: 0.969190657 } position { x: 0.0125950407 y: 0.995556772 z: -0.0127797183 } }}, this= 0x21cb9839280
[2025-12-07 21:50:58.873] [PSS] [info] [35504|14920]streaming_driver_interface_impl.cpp:87 SubmitViewFrames: submit view frames {view_texture_handles: 2147496770 view_texture_handles: 2147495298 pose { orientation { x: -0.20986481 y: 0.00644045463 z: 0.129348665 w: 0.969115138 } position { x: 0.0124476487 y: 0.995475292 z: -0.0127475038 } }}, this= 0x21cb9839280
[2025-12-07 21:50:58.900] [PSS] [info] [35504|14920]streaming_driver_interface_impl.cpp:87 SubmitViewFrames: submit view frames {view_texture_handles: 2147496770 view_texture_handles: 2147495298 pose { orientation { x: -0.210154176 y: 0.00674766814 z: 0.129850432 w: 0.968983233 } position { x: 0.0122017423 y: 0.99527359 z: -0.0127076 } }}, this= 0x21cb9839280
[2025-12-07 21:50:58.932] [PSS] [info] [35504|14920]streaming_driver_interface_impl.cpp:87 SubmitViewFrames: submit view frames {view_texture_handles: 2147496770 view_texture_handles: 2147495298 pose { orientation { x: -0.210119471 y: 0.00707949605 z: 0.130541295 w: 0.968895614 } position { x: 0.012064063 y: 0.995226681 z: -0.0126695326 } }}, this= 0x21cb9839280
[2025-12-07 21:50:58.960] [PSS] [info] [35504|14920]streaming_driver_interface_impl.cpp:87 SubmitViewFrames: submit view frames {view_texture_handles: 2147496770 view_texture_handles: 2147495298 pose { orientation { x: -0.20990248 y: 0.00715707 z: 0.130943477 w: 0.968887806 } position { x: 0.0119111976 y: 0.995199263 z: -0.0126655959 } }}, this= 0x21cb9839280
[2025-12-07 21:50:58.992] [PSS] [info] [35504|14920]streaming_driver_interface_impl.cpp:87 SubmitViewFrames: submit view frames {view_texture_handles: 2147496770 view_texture_handles: 2147495298 pose { orientation { x: -0.209707215 y: 0.00738546811 z: 0.131848469 w: 0.968805611 } position { x: 0.0117011238 y: 0.995062172 z: -0.0126654571 } }}, this= 0x21cb9839280
[2025-12-07 21:50:59.020] [PSS] [info] [35504|14920]streaming_driver_interface_impl.cpp:87 SubmitViewFrames: submit view frames {view_texture_handles: 2147496770 view_texture_handles: 2147495298 pose { orientation { x: -0.209954038 y: 0.00752198324 z: 0.133103117 w: 0.968579531 } position { x: 0.0114949802 y: 0.994747758 z: -0.0126885017 } }}, this= 0x21cb9839280
[2025-12-07 21:50:59.053] [PSS] [info] [35504|14920]streaming_driver_interface_impl.cpp:87 SubmitViewFrames: submit view frames {view_texture_handles: 2147496770 view_texture_handles: 2147495298 pose { orientation { x: -0.210707381 y: 0.00759145431 z: 0.135297969 w: 0.968111157 } position { x: 0.0111455889 y: 0.994041085 z: -0.0127509823 } }}, this= 0x21cb9839280
[2025-12-07 21:50:59.080] [PSS] [info] [35504|14920]streaming_driver_interface_impl.cpp:87 SubmitViewFrames: submit view frames {view_texture_handles: 2147496770 view_texture_handles: 2147495298 pose { orientation { x: -0.211088911 y: 0.00734965643 z: 0.136315703 w: 0.967887104 } position { x: 0.0109105408 y: 0.993671298 z: -0.0128696915 } }}, this= 0x21cb9839280
[2025-12-07 21:50:59.112] [PSS] [info] [35504|14920]streaming_driver_interface_impl.cpp:87 SubmitViewFrames: submit view frames {view_texture_handles: 2147496770 view_texture_handles: 2147495298 pose { orientation { x: -0.212017253 y: 0.00785462279 z: 0.137792572 w: 0.967471 } position { x: 0.0105540454 y: 0.993116438 z: -0.0128121413 } }}, this= 0x21cb9839280
[2025-12-07 21:50:59.140] [PSS] [info] [35504|14920]streaming_driver_interface_impl.cpp:87 SubmitViewFrames: submit view frames {view_texture_handles: 2147496770 view_texture_handles: 2147495298 pose { orientation { x: -0.213108912 y: 0.00862390269 z: 0.138905481 w: 0.967065394 } position { x: 0.0102760941 y: 0.992699444 z: -0.0128112482 } }}, this= 0x21cb9839280
[2025-12-07 21:50:59.168] [PSS] [info] [35504|14920]streaming_driver_interface_impl.cpp:87 SubmitViewFrames: submit view frames {view_texture_handles: 2147496770 view_texture_handles: 2147495298 pose { orientation { x: -0.212985441 y: 0.00819999166 z: 0.137884945 w: 0.967242301 } position { x: 0.0104220277 y: 0.992771268 z: -0.0128596677 } }}, this= 0x21cb9839280
[2025-12-07 21:50:59.200] [PSS] [info] [35504|14920]streaming_driver_interface_impl.cpp:87 SubmitViewFrames: submit view frames {view_texture_handles: 2147496770 view_texture_handles: 2147495298 pose { orientation { x: -0.212781072 y: 0.00760058081 z: 0.137252301 w: 0.967382193 } position { x: 0.0102514131 y: 0.992773533 z: -0.0130270552 } }}, this= 0x21cb9839280
[2025-12-07 21:50:59.228] [PSS] [info] [35504|14920]streaming_driver_interface_impl.cpp:87 SubmitViewFrames: submit view frames {view_texture_handles: 2147496770 view_texture_handles: 2147495298 pose { orientation { x: -0.212873667 y: 0.00804700051 z: 0.137194455 w: 0.967366397 } position { x: 0.0100089367 y: 0.992663145 z: -0.0130755566 } }}, this= 0x21cb9839280
[2025-12-07 21:50:59.260] [PSS] [info] [35504|14920]streaming_driver_interface_impl.cpp:87 SubmitViewFrames: submit view frames {view_texture_handles: 2147496770 view_texture_handles: 2147495298 pose { orientation { x: -0.212597907 y: 0.00826763362 z: 0.136555567 w: 0.967515528 } position { x: 0.0100178607 y: 0.992819488 z: -0.0130701242 } }}, this= 0x21cb9839280
[2025-12-07 21:50:59.289] [PSS] [info] [35504|14920]streaming_driver_interface_impl.cpp:87 SubmitViewFrames: submit view frames {view_texture_handles: 2147496770 view_texture_handles: 2147495298 pose { orientation { x: -0.212389931 y: 0.00824974105 z: 0.136618286 w: 0.967552543 } position { x: 0.00992138591 y: 0.9928146 z: -0.0130851017 } }}, this= 0x21cb9839280
[2025-12-07 21:50:59.319] [PSS] [info] [35504|14920]streaming_driver_interface_impl.cpp:87 SubmitViewFrames: submit view frames {view_texture_handles: 2147496770 view_texture_handles: 2147495298 pose { orientation { x: -0.212508529 y: 0.00870548747 z: 0.136851028 w: 0.96748966 } position { x: 0.00981877837 y: 0.992861748 z: -0.0131097892 } }}, this= 0x21cb9839280
[2025-12-07 21:50:59.351] [PSS] [info] [35504|14920]streaming_driver_interface_impl.cpp:87 SubmitViewFrames: submit view frames {view_texture_handles: 2147496770 view_texture_handles: 2147495298 pose { orientation { x: -0.212169275 y: 0.00859713927 z: 0.136915326 w: 0.96755594 } position { x: 0.00977913383 y: 0.992921948 z: -0.0131321931 } }}, this= 0x21cb9839280
[2025-12-07 21:50:59.380] [PSS] [info] [35504|14920]streaming_driver_interface_impl.cpp:87 SubmitViewFrames: submit view frames {view_texture_handles: 2147496770 view_texture_handles: 2147495298 pose { orientation { x: -0.212223127 y: 0.00880257785 z: 0.137502983 w: 0.967458963 } position { x: 0.00959690474 y: 0.99288857 z: -0.0131696705 } }}, this= 0x21cb9839280
[2025-12-07 21:50:59.412] [PSS] [info] [35504|14920]streaming_driver_interface_impl.cpp:87 SubmitViewFrames: submit view frames {view_texture_handles: 2147496770 view_texture_handles: 2147495298 pose { orientation { x: -0.212243542 y: 0.00876822416 z: 0.137710571 w: 0.967425287 } position { x: 0.00942688808 y: 0.992860794 z: -0.0132598635 } }}, this= 0x21cb9839280
[2025-12-07 21:50:59.440] [PSS] [info] [35504|14920]streaming_driver_interface_impl.cpp:87 SubmitViewFrames: submit view frames {view_texture_handles: 2147496770 view_texture_handles: 2147495298 pose { orientation { x: -0.212192699 y: 0.00906730816 z: 0.137748867 w: 0.967428207 } position { x: 0.00927535817 y: 0.992801368 z: -0.0132572278 } }}, this= 0x21cb9839280
[2025-12-07 21:50:59.468] [PSS] [info] [35504|14920]streaming_driver_interface_impl.cpp:87 SubmitViewFrames: submit view frames {view_texture_handles: 2147496770 view_texture_handles: 2147495298 pose { orientation { x: -0.211985499 y: 0.00918679684 z: 0.137945071 w: 0.967444539 } position { x: 0.0092017632 y: 0.992729366 z: -0.0132925687 } }}, this= 0x21cb9839280
[2025-12-07 21:50:59.500] [PSS] [info] [35504|14920]streaming_driver_interface_impl.cpp:87 SubmitViewFrames: submit view frames {view_texture_handles: 2147496770 view_texture_handles: 2147495298 pose { orientation { x: -0.211884454 y: 0.00918133743 z: 0.137833506 w: 0.967482626 } position { x: 0.00915376563 y: 0.992630124 z: -0.0133326044 } }}, this= 0x21cb9839280
[2025-12-07 21:50:59.528] [PSS] [info] [35504|14920]streaming_driver_interface_impl.cpp:87 SubmitViewFrames: submit view frames {view_texture_handles: 2147496770 view_texture_handles: 2147495298 pose { orientation { x: -0.212078512 y: 0.0088455 z: 0.137888834 w: 0.96743536 } position { x: 0.00910149049 y: 0.992532849 z: -0.0133246323 } }}, this= 0x21cb9839280
[2025-12-07 21:50:59.560] [PSS] [info] [35504|14920]streaming_driver_interface_impl.cpp:87 SubmitViewFrames: submit view frames {view_texture_handles: 2147496770 view_texture_handles: 2147495298 pose { orientation { x: -0.212369621 y: 0.00894800853 z: 0.138095 w: 0.967341125 } position { x: 0.00896733906 y: 0.992512226 z: -0.0132667106 } }}, this= 0x21cb9839280
[2025-12-07 21:50:59.587] [PSS] [info] [35504|14920]streaming_driver_interface_impl.cpp:87 SubmitViewFrames: submit view frames {view_texture_handles: 2147496770 view_texture_handles: 2147495298 pose { orientation { x: -0.21228534 y: 0.00931694824 z: 0.138136134 w: 0.967350364 } position { x: 0.0088841822 y: 0.992559671 z: -0.0132301217 } }}, this= 0x21cb9839280
[2025-12-07 21:50:59.620] [PSS] [info] [35504|14920]streaming_driver_interface_impl.cpp:87 SubmitViewFrames: submit view frames {view_texture_handles: 2147496770 view_texture_handles: 2147495298 pose { orientation { x: -0.212224931 y: 0.00980124529 z: 0.138243824 w: 0.96734333 } position { x: 0.00880174618 y: 0.992582619 z: -0.0131002767 } }}, this= 0x21cb9839280
[2025-12-07 21:50:59.653] [PSS] [info] [35504|14920]streaming_driver_interface_impl.cpp:87 SubmitViewFrames: submit view frames {view_texture_handles: 2147496770 view_texture_handles: 2147495298 pose { orientation { x: -0.212194741 y: 0.0100342706 z: 0.138232455 w: 0.967349231 } position { x: 0.00863662269 y: 0.992628634 z: -0.0130479345 } }}, this= 0x21cb9839280
[2025-12-07 21:50:59.680] [PSS] [info] [35504|14920]streaming_driver_interface_impl.cpp:87 SubmitViewFrames: submit view frames {view_texture_handles: 2147496770 view_texture_handles: 2147495298 pose { orientation { x: -0.212235883 y: 0.0101785026 z: 0.138216838 w: 0.967340887 } position { x: 0.00854774937 y: 0.992645681 z: -0.0129988091 } }}, this= 0x21cb9839280
[2025-12-07 21:50:59.712] [PSS] [info] [35504|14920]streaming_driver_interface_impl.cpp:87 SubmitViewFrames: submit view frames {view_texture_handles: 2147496770 view_texture_handles: 2147495298 pose { orientation { x: -0.212449893 y: 0.0104833413 z: 0.138767079 w: 0.967211902 } position { x: 0.00846744422 y: 0.992574573 z: -0.0129043739 } }}, this= 0x21cb9839280
[2025-12-07 21:50:59.745] [PSS] [info] [35504|14920]streaming_driver_interface_impl.cpp:87 SubmitViewFrames: submit view frames {view_texture_handles: 2147496770 view_texture_handles: 2147495298 pose { orientation { x: -0.212204441 y: 0.0104247117 z: 0.138724282 w: 0.96727252 } position { x: 0.0084043825 y: 0.992551446 z: -0.0129534388 } }}, this= 0x21cb9839280
[2025-12-07 21:50:59.773] [PSS] [info] [35504|14920]streaming_driver_interface_impl.cpp:87 SubmitViewFrames: submit view frames {view_texture_handles: 2147496770 view_texture_handles: 2147495298 pose { orientation { x: -0.212383986 y: 0.010340618 z: 0.138639852 w: 0.967246115 } position { x: 0.00839581 y: 0.992486715 z: -0.0130520435 } }}, this= 0x21cb9839280
[2025-12-07 21:50:59.805] [PSS] [info] [35504|14920]streaming_driver_interface_impl.cpp:87 SubmitViewFrames: submit view frames {view_texture_handles: 2147496770 view_texture_handles: 2147495298 pose { orientation { x: -0.212609842 y: 0.0104220062 z: 0.138849229 w: 0.967165589 } position { x: 0.00835682824 y: 0.99239862 z: -0.0130837066 } }}, this= 0x21cb9839280
[2025-12-07 21:50:59.832] [PSS] [info] [35504|14920]streaming_driver_interface_impl.cpp:87 SubmitViewFrames: submit view frames {view_texture_handles: 2147496770 view_texture_handles: 2147495298 pose { orientation { x: -0.212482125 y: 0.0103383232 z: 0.138747081 w: 0.967209339 } position { x: 0.00840156339 y: 0.992395759 z: -0.0131503968 } }}, this= 0x21cb9839280
[2025-12-07 21:50:59.864] [PSS] [info] [35504|14920]streaming_driver_interface_impl.cpp:87 SubmitViewFrames: submit view frames {view_texture_handles: 2147496770 view_texture_handles: 2147495298 pose { orientation { x: -0.212513953 y: 0.0101317866 z: 0.138501927 w: 0.967239559 } position { x: 0.00850354321 y: 0.992442667 z: -0.0131561337 } }}, this= 0x21cb9839280
[2025-12-07 21:50:59.892] [PSS] [info] [35504|14920]streaming_driver_interface_impl.cpp:87 SubmitViewFrames: submit view frames {view_texture_handles: 2147496770 view_texture_handles: 2147495298 pose { orientation { x: -0.212604761 y: 0.0101602515 z: 0.138723239 w: 0.967187583 } position { x: 0.00858333241 y: 0.992452502 z: -0.0131543959 } }}, this= 0x21cb9839280
[2025-12-07 21:50:59.924] [PSS] [info] [35504|14920]streaming_driver_interface_impl.cpp:87 SubmitViewFrames: submit view frames {view_texture_handles: 2147496770 view_texture_handles: 2147495298 pose { orientation { x: -0.212746486 y: 0.0100391908 z: 0.138569921 w: 0.967179656 } position { x: 0.00866937079 y: 0.992478967 z: -0.0131495548 } }}, this= 0x21cb9839280
[2025-12-07 21:50:59.952] [PSS] [info] [35504|14920]streaming_driver_interface_impl.cpp:87 SubmitViewFrames: submit view frames {view_texture_handles: 2147496770 view_texture_handles: 2147495298 pose { orientation { x: -0.212486684 y: 0.0100180376 z: 0.13833116 w: 0.967271209 } position { x: 0.00877650548 y: 0.992583 z: -0.013227703 } }}, this= 0x21cb9839280
[2025-12-07 21:50:59.983] [PSS] [info] [35504|14920]streaming_driver_interface_impl.cpp:87 SubmitViewFrames: submit view frames {view_texture_handles: 2147496770 view_texture_handles: 2147495298 pose { orientation { x: -0.212518618 y: 0.0104167555 z: 0.138253197 w: 0.96727109 } position { x: 0.00875723548 y: 0.992436 z: -0.0132896872 } }}, this= 0x21cb9839280
[2025-12-07 21:51:00.017] [PSS] [info] [35504|14920]streaming_driver_interface_impl.cpp:87 SubmitViewFrames: submit view frames {view_texture_handles: 2147496770 view_texture_handles: 2147495298 pose { orientation { x: -0.212658584 y: 0.0104838088 z: 0.13796106 w: 0.967281342 } position { x: 0.00878612604 y: 0.992355168 z: -0.0133301569 } }}, this= 0x21cb9839280
[2025-12-07 21:51:00.045] [PSS] [info] [35504|14920]streaming_driver_interface_impl.cpp:87 SubmitViewFrames: submit view frames {view_texture_handles: 2147496770 view_texture_handles: 2147495298 pose { orientation { x: -0.212624773 y: 0.0102555938 z: 0.137601048 w: 0.967342496 } position { x: 0.00879209861 y: 0.992330432 z: -0.0134492349 } }}, this= 0x21cb9839280
[2025-12-07 21:51:00.077] [PSS] [info] [35504|14920]streaming_driver_interface_impl.cpp:87 SubmitViewFrames: submit view frames {view_texture_handles: 2147496770 view_texture_handles: 2147495298 pose { orientation { x: -0.212851375 y: 0.0102217542 z: 0.137617201 w: 0.967290699 } position { x: 0.0087838918 y: 0.992219567 z: -0.0135441208 } }}, this= 0x21cb9839280
[2025-12-07 21:51:00.105] [PSS] [info] [35504|14920]streaming_driver_interface_impl.cpp:87 SubmitViewFrames: submit view frames {view_texture_handles: 2147496770 view_texture_handles: 2147495298 pose { orientation { x: -0.212714866 y: 0.0101880198 z: 0.137447953 w: 0.967345178 } position { x: 0.00886221323 y: 0.992170155 z: -0.0135894436 } }}, this= 0x21cb9839280
[2025-12-07 21:51:00.137] [PSS] [info] [35504|14920]streaming_driver_interface_impl.cpp:87 SubmitViewFrames: submit view frames {view_texture_handles: 2147496770 view_texture_handles: 2147495298 pose { orientation { x: -0.212885395 y: 0.0107067274 z: 0.137345836 w: 0.967316568 } position { x: 0.0088090105 y: 0.992065191 z: -0.0137269413 } }}, this= 0x21cb9839280
[2025-12-07 21:51:00.165] [PSS] [info] [35504|14920]streaming_driver_interface_impl.cpp:87 SubmitViewFrames: submit view frames {view_texture_handles: 2147496770 view_texture_handles: 2147495298 pose { orientation { x: -0.212813288 y: 0.0107848737 z: 0.137179434 w: 0.967355132 } position { x: 0.00892284885 y: 0.992002 z: -0.0137644866 } }}, this= 0x21cb9839280
[2025-12-07 21:51:00.196] [PSS] [info] [35504|14920]streaming_driver_interface_impl.cpp:87 SubmitViewFrames: submit view frames {view_texture_handles: 2147496770 view_texture_handles: 2147495298 pose { orientation { x: -0.213146791 y: 0.0107255941 z: 0.136534691 w: 0.96737361 } position { x: 0.00894936267 y: 0.992011 z: -0.0138407042 } }}, this= 0x21cb9839280
[2025-12-07 21:51:00.226] [PSS] [info] [35504|14920]streaming_driver_interface_impl.cpp:87 SubmitViewFrames: submit view frames {view_texture_handles: 2147496770 view_texture_handles: 2147495298 pose { orientation { x: -0.213065237 y: 0.0107959546 z: 0.13624844 w: 0.967431188 } position { x: 0.00888365135 y: 0.992103636 z: -0.0139252758 } }}, this= 0x21cb9839280
[2025-12-07 21:51:00.253] [PSS] [info] [35504|14920]streaming_driver_interface_impl.cpp:87 SubmitViewFrames: submit view frames {view_texture_handles: 2147496770 view_texture_handles: 2147495298 pose { orientation { x: -0.212876827 y: 0.010872229 z: 0.136364162 w: 0.967455447 } position { x: 0.0088819908 y: 0.992142916 z: -0.0138964308 } }}, this= 0x21cb9839280
[2025-12-07 21:51:00.284] [PSS] [info] [35504|14920]streaming_driver_interface_impl.cpp:87 SubmitViewFrames: submit view frames {view_texture_handles: 2147496770 view_texture_handles: 2147495298 pose { orientation { x: -0.212703809 y: 0.0110048233 z: 0.136558816 w: 0.967464566 } position { x: 0.00883783121 y: 0.992127419 z: -0.0138591602 } }}, this= 0x21cb9839280
[2025-12-07 21:51:00.312] [PSS] [info] [35504|14920]streaming_driver_interface_impl.cpp:87 SubmitViewFrames: submit view frames {view_texture_handles: 2147496770 view_texture_handles: 2147495298 pose { orientation { x: -0.212337717 y: 0.0101493197 z: 0.136568159 w: 0.967553 } position { x: 0.00900695287 y: 0.992288172 z: -0.0138101587 } }}, this= 0x21cb9839280
[2025-12-07 21:51:00.343] [PSS] [info] [35504|14920]streaming_driver_interface_impl.cpp:87 SubmitViewFrames: submit view frames {view_texture_handles: 2147496770 view_texture_handles: 2147495298 pose { orientation { x: -0.212128684 y: 0.00971460622 z: 0.136959299 w: 0.967548072 } position { x: 0.00891157892 y: 0.992348135 z: -0.0137115475 } }}, this= 0x21cb9839280
[2025-12-07 21:51:00.371] [PSS] [info] [35504|14920]streaming_driver_interface_impl.cpp:87 SubmitViewFrames: submit view frames {view_texture_handles: 2147496770 view_texture_handles: 2147495298 pose { orientation { x: -0.212147638 y: 0.00972596183 z: 0.137156084 w: 0.967515886 } position { x: 0.00884868111 y: 0.99242878 z: -0.0135527095 } }}, this= 0x21cb9839280
[2025-12-07 21:51:00.404] [PSS] [info] [35504|14920]streaming_driver_interface_impl.cpp:87 SubmitViewFrames: submit view frames {view_texture_handles: 2147496770 view_texture_handles: 2147495298 pose { orientation { x: -0.211945429 y: 0.0102077117 z: 0.137296155 w: 0.967535436 } position { x: 0.00882135704 y: 0.992535 z: -0.0133403735 } }}, this= 0x21cb9839280
[2025-12-07 21:51:00.433] [PSS] [info] [35504|14920]streaming_driver_interface_impl.cpp:87 SubmitViewFrames: submit view frames {view_texture_handles: 2147496770 view_texture_handles: 2147495298 pose { orientation { x: -0.212042987 y: 0.0106417267 z: 0.137412339 w: 0.967492819 } position { x: 0.00876937527 y: 0.992547929 z: -0.0132567547 } }}, this= 0x21cb9839280
[2025-12-07 21:51:00.464] [PSS] [info] [35504|14920]streaming_driver_interface_impl.cpp:87 SubmitViewFrames: submit view frames {view_texture_handles: 2147496770 view_texture_handles: 2147495298 pose { orientation { x: -0.21218732 y: 0.0108027225 z: 0.137164503 w: 0.967494547 } position { x: 0.0087646069 y: 0.992484689 z: -0.0131952753 } }}, this= 0x21cb9839280
[2025-12-07 21:51:00.496] [PSS] [info] [35504|14920]streaming_driver_interface_impl.cpp:87 SubmitViewFrames: submit view frames {view_texture_handles: 2147496770 view_texture_handles: 2147495298 pose { orientation { x: -0.212353095 y: 0.0108575458 z: 0.136979178 w: 0.967483819 } position { x: 0.00881754514 y: 0.992456913 z: -0.0131352404 } }}, this= 0x21cb9839280
[2025-12-07 21:51:00.525] [PSS] [info] [35504|14920]streaming_driver_interface_impl.cpp:87 SubmitViewFrames: submit view frames {view_texture_handles: 2147496770 view_texture_handles: 2147495298 pose { orientation { x: -0.212237701 y: 0.0108062429 z: 0.136633813 w: 0.967558622 } position { x: 0.00889186282 y: 0.992425561 z: -0.0130701335 } }}, this= 0x21cb9839280
[2025-12-07 21:51:00.556] [PSS] [info] [35504|14920]streaming_driver_interface_impl.cpp:87 SubmitViewFrames: submit view frames {view_texture_handles: 2147496770 view_texture_handles: 2147495298 pose { orientation { x: -0.212447077 y: 0.010788301 z: 0.136260435 w: 0.967565477 } position { x: 0.00902587362 y: 0.992402613 z: -0.0129727228 } }}, this= 0x21cb9839280
[2025-12-07 21:51:00.584] [PSS] [info] [35504|14920]streaming_driver_interface_impl.cpp:87 SubmitViewFrames: submit view frames {view_texture_handles: 2147496770 view_texture_handles: 2147495298 pose { orientation { x: -0.212516367 y: 0.0106387604 z: 0.136018261 w: 0.967586 } position { x: 0.00912283827 y: 0.992427707 z: -0.0129292291 } }}, this= 0x21cb9839280
[2025-12-07 21:51:00.616] [PSS] [info] [35504|14920]streaming_driver_interface_impl.cpp:87 SubmitViewFrames: submit view frames {view_texture_handles: 2147496770 view_texture_handles: 2147495298 pose { orientation { x: -0.21234715 y: 0.010080982 z: 0.135723263 w: 0.96767056 } position { x: 0.00925446302 y: 0.992465138 z: -0.0128369452 } }}, this= 0x21cb9839280
[2025-12-07 21:51:00.644] [PSS] [info] [35504|14920]streaming_driver_interface_impl.cpp:87 SubmitViewFrames: submit view frames {view_texture_handles: 2147496770 view_texture_handles: 2147495298 pose { orientation { x: -0.212161109 y: 0.00948184356 z: 0.13526538 w: 0.967781484 } position { x: 0.00937999133 y: 0.992635 z: -0.0127359442 } }}, this= 0x21cb9839280
[2025-12-07 21:51:00.676] [PSS] [info] [35504|14920]streaming_driver_interface_impl.cpp:87 SubmitViewFrames: submit view frames {view_texture_handles: 2147496770 view_texture_handles: 2147495298 pose { orientation { x: -0.211798325 y: 0.00924146362 z: 0.13507989 w: 0.96788919 } position { x: 0.00936027523 y: 0.992685556 z: -0.0126197049 } }}, this= 0x21cb9839280
[2025-12-07 21:51:00.704] [PSS] [info] [35504|14920]streaming_driver_interface_impl.cpp:87 SubmitViewFrames: submit view frames {view_texture_handles: 2147496770 view_texture_handles: 2147495298 pose { orientation { x: -0.211580992 y: 0.00915550441 z: 0.135005295 w: 0.96794796 } position { x: 0.00932621118 y: 0.992674172 z: -0.0125430794 } }}, this= 0x21cb9839280
[2025-12-07 21:51:00.735] [PSS] [info] [35504|14920]streaming_driver_interface_impl.cpp:87 SubmitViewFrames: submit view frames {view_texture_handles: 2147496770 view_texture_handles: 2147495298 pose { orientation { x: -0.211532921 y: 0.00939739309 z: 0.134836614 w: 0.96797967 } position { x: 0.00912925601 y: 0.992705822 z: -0.0125290826 } }}, this= 0x21cb9839280
[2025-12-07 21:51:00.763] [PSS] [info] [35504|14920]streaming_driver_interface_impl.cpp:87 SubmitViewFrames: submit view frames {view_texture_handles: 2147496770 view_texture_handles: 2147495298 pose { orientation { x: -0.211662456 y: 0.00978778768 z: 0.135359168 w: 0.967874527 } position { x: 0.00901339203 y: 0.992651224 z: -0.0124913361 } }}, this= 0x21cb9839280
[2025-12-07 21:51:00.795] [PSS] [info] [35504|14920]streaming_driver_interface_impl.cpp:87 SubmitViewFrames: submit view frames {view_texture_handles: 2147496770 view_texture_handles: 2147495298 pose { orientation { x: -0.211517826 y: 0.0100530311 z: 0.135382578 w: 0.967900157 } position { x: 0.00897035655 y: 0.99261272 z: -0.0124749066 } }}, this= 0x21cb9839280
[2025-12-07 21:51:00.823] [PSS] [info] [35504|14920]streaming_driver_interface_impl.cpp:87 SubmitViewFrames: submit view frames {view_texture_handles: 2147496770 view_texture_handles: 2147495298 pose { orientation { x: -0.211459354 y: 0.0101477904 z: 0.135455564 w: 0.967901707 } position { x: 0.0089837173 y: 0.992522955 z: -0.0125298081 } }}, this= 0x21cb9839280
[2025-12-07 21:51:00.854] [PSS] [info] [35504|14920]streaming_driver_interface_impl.cpp:87 SubmitViewFrames: submit view frames {view_texture_handles: 2147496770 view_texture_handles: 2147495298 pose { orientation { x: -0.211563751 y: 0.00993121 z: 0.135448009 w: 0.967882216 } position { x: 0.00901121087 y: 0.992400646 z: -0.0125745935 } }}, this= 0x21cb9839280
[2025-12-07 21:51:00.882] [PSS] [info] [35504|14920]streaming_driver_interface_impl.cpp:87 SubmitViewFrames: submit view frames {view_texture_handles: 2147496770 view_texture_handles: 2147495298 pose { orientation { x: -0.211899295 y: 0.010082176 z: 0.135454133 w: 0.967806458 } position { x: 0.0089477459 y: 0.992327094 z: -0.0127437944 } }}, this= 0x21cb9839280
[2025-12-07 21:51:00.914] [PSS] [info] [35504|14920]streaming_driver_interface_impl.cpp:87 SubmitViewFrames: submit view frames {view_texture_handles: 2147496770 view_texture_handles: 2147495298 pose { orientation { x: -0.211880043 y: 0.010258941 z: 0.134835854 w: 0.967895091 } position { x: 0.00902609155 y: 0.992362261 z: -0.0128020272 } }}, this= 0x21cb9839280
[2025-12-07 21:51:00.942] [PSS] [info] [35504|14920]streaming_driver_interface_impl.cpp:87 SubmitViewFrames: submit view frames {view_texture_handles: 2147496770 view_texture_handles: 2147495298 pose { orientation { x: -0.211918727 y: 0.0102261398 z: 0.134459078 w: 0.967939377 } position { x: 0.00911874697 y: 0.99230516 z: -0.0128580555 } }}, this= 0x21cb9839280
[2025-12-07 21:51:00.975] [PSS] [info] [35504|14920]streaming_driver_interface_impl.cpp:87 SubmitViewFrames: submit view frames {view_texture_handles: 2147496770 view_texture_handles: 2147495298 pose { orientation { x: -0.21213983 y: 0.0105096037 z: 0.133914977 w: 0.967963398 } position { x: 0.00902748 y: 0.992188931 z: -0.0130212586 } }}, this= 0x21cb9839280
[2025-12-07 21:51:01.002] [PSS] [info] [35504|14920]streaming_driver_interface_impl.cpp:87 SubmitViewFrames: submit view frames {view_texture_handles: 2147496770 view_texture_handles: 2147495298 pose { orientation { x: -0.212285802 y: 0.0105322246 z: 0.133524418 w: 0.967985034 } position { x: 0.00898577925 y: 0.992129683 z: -0.0130951069 } }}, this= 0x21cb9839280
[2025-12-07 21:51:01.036] [PSS] [info] [35504|14920]streaming_driver_interface_impl.cpp:87 SubmitViewFrames: submit view frames {view_texture_handles: 2147496770 view_texture_handles: 2147495298 pose { orientation { x: -0.21238105 y: 0.0108119277 z: 0.133579135 w: 0.967953503 } position { x: 0.00885683391 y: 0.992038131 z: -0.0131778233 } }}, this= 0x21cb9839280
[2025-12-07 21:51:01.063] [PSS] [info] [35504|14920]streaming_driver_interface_impl.cpp:87 SubmitViewFrames: submit view frames {view_texture_handles: 2147496770 view_texture_handles: 2147495298 pose { orientation { x: -0.212184265 y: 0.0107594542 z: 0.133331612 w: 0.968031406 } position { x: 0.00876409188 y: 0.991981685 z: -0.0132174175 } }}, this= 0x21cb9839280
[2025-12-07 21:51:01.096] [PSS] [info] [35504|14920]streaming_driver_interface_impl.cpp:87 SubmitViewFrames: submit view frames {view_texture_handles: 2147496770 view_texture_handles: 2147495298 pose { orientation { x: -0.211929947 y: 0.0106644426 z: 0.133148149 w: 0.968113363 } position { x: 0.00869673397 y: 0.991955817 z: -0.013232871 } }}, this= 0x21cb9839280
[2025-12-07 21:51:01.123] [PSS] [info] [35504|14920]streaming_driver_interface_impl.cpp:87 SubmitViewFrames: submit view frames {view_texture_handles: 2147496770 view_texture_handles: 2147495298 pose { orientation { x: -0.211915836 y: 0.0103212716 z: 0.133108705 w: 0.968125641 } position { x: 0.00856542308 y: 0.991899729 z: -0.0132713253 } }}, this= 0x21cb9839280
[2025-12-07 21:51:01.151] [PSS] [info] [35504|14920]streaming_driver_interface_impl.cpp:87 SubmitViewFrames: submit view frames {view_texture_handles: 2147496770 view_texture_handles: 2147495298 pose { orientation { x: -0.211643636 y: 0.010098462 z: 0.133004904 w: 0.968201756 } position { x: 0.00849728566 y: 0.991870284 z: -0.0132851889 } }}, this= 0x21cb9839280
[2025-12-07 21:51:01.182] [PSS] [info] [35504|14920]streaming_driver_interface_impl.cpp:87 SubmitViewFrames: submit view frames {view_texture_handles: 2147496770 view_texture_handles: 2147495298 pose { orientation { x: -0.211428195 y: 0.0102434317 z: 0.132761568 w: 0.968280733 } position { x: 0.00826569181 y: 0.991853476 z: -0.0132842008 } }}, this= 0x21cb9839280
[2025-12-07 21:51:01.210] [PSS] [info] [35504|14920]streaming_driver_interface_impl.cpp:87 SubmitViewFrames: submit view frames {view_texture_handles: 2147496770 view_texture_handles: 2147495298 pose { orientation { x: -0.211519271 y: 0.0103985257 z: 0.132588595 w: 0.968282878 } position { x: 0.00809517596 y: 0.991832376 z: -0.0132734 } }}, this= 0x21cb9839280
[2025-12-07 21:51:01.242] [PSS] [info] [35504|14920]streaming_driver_interface_impl.cpp:87 SubmitViewFrames: submit view frames {view_texture_handles: 2147496770 view_texture_handles: 2147495298 pose { orientation { x: -0.211751506 y: 0.010704306 z: 0.132823959 w: 0.968196511 } position { x: 0.00793932471 y: 0.991746306 z: -0.0132665103 } }}, this= 0x21cb9839280
[2025-12-07 21:51:01.271] [PSS] [info] [35504|14920]streaming_driver_interface_impl.cpp:87 SubmitViewFrames: submit view frames {view_texture_handles: 2147496770 view_texture_handles: 2147495298 pose { orientation { x: -0.21176292 y: 0.0110144699 z: 0.13276723 w: 0.968198359 } position { x: 0.00783906691 y: 0.991771698 z: -0.0132406382 } }}, this= 0x21cb9839280
[2025-12-07 21:51:01.302] [PSS] [info] [35504|14920]streaming_driver_interface_impl.cpp:87 SubmitViewFrames: submit view frames {view_texture_handles: 2147496770 view_texture_handles: 2147495298 pose { orientation { x: -0.211803928 y: 0.011230587 z: 0.132709295 w: 0.968194842 } position { x: 0.00770173315 y: 0.991785765 z: -0.0132705094 } }}, this= 0x21cb9839280
[2025-12-07 21:51:01.330] [PSS] [info] [35504|14920]streaming_driver_interface_impl.cpp:87 SubmitViewFrames: submit view frames {view_texture_handles: 2147496770 view_texture_handles: 2147495298 pose { orientation { x: -0.211783886 y: 0.0114350505 z: 0.132756725 w: 0.968190312 } position { x: 0.00763251493 y: 0.991727471 z: -0.0132669238 } }}, this= 0x21cb9839280
[2025-12-07 21:51:01.362] [PSS] [info] [35504|14920]streaming_driver_interface_impl.cpp:87 SubmitViewFrames: submit view frames {view_texture_handles: 2147496770 view_texture_handles: 2147495298 pose { orientation { x: -0.211899474 y: 0.011518959 z: 0.132623807 w: 0.968182266 } position { x: 0.00749977259 y: 0.991658211 z: -0.0132795982 } }}, this= 0x21cb9839280
[2025-12-07 21:51:01.390] [PSS] [info] [35504|14920]streaming_driver_interface_impl.cpp:87 SubmitViewFrames: submit view frames {view_texture_handles: 2147496770 view_texture_handles: 2147495298 pose { orientation { x: -0.211944982 y: 0.0115547534 z: 0.132469743 w: 0.968192935 } position { x: 0.00735052163 y: 0.991597414 z: -0.0133379819 } }}, this= 0x21cb9839280
[2025-12-07 21:51:01.422] [PSS] [info] [35504|14920]streaming_driver_interface_impl.cpp:87 SubmitViewFrames: submit view frames {view_texture_handles: 2147496770 view_texture_handles: 2147495298 pose { orientation { x: -0.212075919 y: 0.0117345192 z: 0.132331759 w: 0.968180954 } position { x: 0.00724278949 y: 0.991556525 z: -0.0133023541 } }}, this= 0x21cb9839280
[2025-12-07 21:51:01.450] [PSS] [info] [35504|14920]streaming_driver_interface_impl.cpp:87 SubmitViewFrames: submit view frames {view_texture_handles: 2147496770 view_texture_handles: 2147495298 pose { orientation { x: -0.211876392 y: 0.0118117612 z: 0.132030576 w: 0.968264818 } position { x: 0.00714498432 y: 0.991499484 z: -0.013258744 } }}, this= 0x21cb9839280
[2025-12-07 21:51:01.482] [PSS] [info] [35504|14920]streaming_driver_interface_impl.cpp:87 SubmitViewFrames: submit view frames {view_texture_handles: 2147496770 view_texture_handles: 2147495298 pose { orientation { x: -0.211618349 y: 0.0118208332 z: 0.131819904 w: 0.968349874 } position { x: 0.00707432581 y: 0.991430342 z: -0.0132601755 } }}, this= 0x21cb9839280
[2025-12-07 21:51:01.510] [PSS] [info] [35504|14920]streaming_driver_interface_impl.cpp:87 SubmitViewFrames: submit view frames {view_texture_handles: 2147496770 view_texture_handles: 2147495298 pose { orientation { x: -0.211313978 y: 0.0119438581 z: 0.131723568 w: 0.968427956 } position { x: 0.00694023352 y: 0.991373897 z: -0.0131767169 } }}, this= 0x21cb9839280
[2025-12-07 21:51:01.542] [PSS] [info] [35504|14920]streaming_driver_interface_impl.cpp:87 SubmitViewFrames: submit view frames {view_texture_handles: 2147496770 view_texture_handles: 2147495298 pose { orientation { x: -0.211464241 y: 0.011938476 z: 0.131583661 w: 0.968414187 } position { x: 0.00675553177 y: 0.991409838 z: -0.0131196044 } }}, this= 0x21cb9839280
[2025-12-07 21:51:01.570] [PSS] [info] [35504|14920]streaming_driver_interface_impl.cpp:87 SubmitViewFrames: submit view frames {view_texture_handles: 2147496770 view_texture_handles: 2147495298 pose { orientation { x: -0.211278409 y: 0.0123229567 z: 0.13148737 w: 0.968463063 } position { x: 0.00663063629 y: 0.99156 z: -0.013005618 } }}, this= 0x21cb9839280
[2025-12-07 21:51:01.602] [PSS] [info] [35504|14920]streaming_driver_interface_impl.cpp:87 SubmitViewFrames: submit view frames {view_texture_handles: 2147496770 view_texture_handles: 2147495298 pose { orientation { x: -0.211051583 y: 0.0125726163 z: 0.132037 w: 0.968434513 } position { x: 0.00628144434 y: 0.991550267 z: -0.0129240993 } }}, this= 0x21cb9839280
[2025-12-07 21:51:01.630] [PSS] [info] [35504|14920]streaming_driver_interface_impl.cpp:87 SubmitViewFrames: submit view frames {view_texture_handles: 2147496770 view_texture_handles: 2147495298 pose { orientation { x: -0.210981548 y: 0.012647531 z: 0.132391408 w: 0.968400419 } position { x: 0.00610231049 y: 0.991529167 z: -0.0128444685 } }}, this= 0x21cb9839280
[2025-12-07 21:51:01.662] [PSS] [info] [35504|14920]streaming_driver_interface_impl.cpp:87 SubmitViewFrames: submit view frames {view_texture_handles: 2147496770 view_texture_handles: 2147495298 pose { orientation { x: -0.210777044 y: 0.012977601 z: 0.132326782 w: 0.968449414 } position { x: 0.00595003087 y: 0.991595805 z: -0.0127585232 } }}, this= 0x21cb9839280
[2025-12-07 21:51:01.690] [PSS] [info] [35504|14920]streaming_driver_interface_impl.cpp:87 SubmitViewFrames: submit view frames {view_texture_handles: 2147496770 view_texture_handles: 2147495298 pose { orientation { x: -0.210561901 y: 0.0129897436 z: 0.132652119 w: 0.96845156 } position { x: 0.0057878755 y: 0.991561294 z: -0.0127267586 } }}, this= 0x21cb9839280
[2025-12-07 21:51:01.722] [PSS] [info] [35504|14920]streaming_driver_interface_impl.cpp:87 SubmitViewFrames: submit view frames {view_texture_handles: 2147496770 view_texture_handles: 2147495298 pose { orientation { x: -0.210399359 y: 0.0129027255 z: 0.132990897 w: 0.968441546 } position { x: 0.0056689 y: 0.991504788 z: -0.0127118854 } }}, this= 0x21cb9839280
[2025-12-07 21:51:01.750] [PSS] [info] [35504|14920]streaming_driver_interface_impl.cpp:87 SubmitViewFrames: submit view frames {view_texture_handles: 2147496770 view_texture_handles: 2147495298 pose { orientation { x: -0.210388 y: 0.0129164532 z: 0.132716492 w: 0.968481481 } position { x: 0.00557671441 y: 0.991463184 z: -0.0127072353 } }}, this= 0x21cb9839280
[2025-12-07 21:51:01.781] [PSS] [info] [35504|14920]streaming_driver_interface_impl.cpp:87 SubmitViewFrames: submit view frames {view_texture_handles: 2147496770 view_texture_handles: 2147495298 pose { orientation { x: -0.210216686 y: 0.0133732781 z: 0.132393718 w: 0.968556643 } position { x: 0.00540057058 y: 0.991383553 z: -0.0126135154 } }}, this= 0x21cb9839280
[2025-12-07 21:51:01.809] [PSS] [info] [35504|14920]streaming_driver_interface_impl.cpp:87 SubmitViewFrames: submit view frames {view_texture_handles: 2147496770 view_texture_handles: 2147495298 pose { orientation { x: -0.210254312 y: 0.0134718828 z: 0.132000431 w: 0.96860081 } position { x: 0.00535987597 y: 0.991342902 z: -0.0125703299 } }}, this= 0x21cb9839280
[2025-12-07 21:51:01.842] [PSS] [info] [35504|14920]streaming_driver_interface_impl.cpp:87 SubmitViewFrames: submit view frames {view_texture_handles: 2147496770 view_texture_handles: 2147495298 pose { orientation { x: -0.210361645 y: 0.0134946704 z: 0.131406263 w: 0.968658 } position { x: 0.00523803569 y: 0.991314173 z: -0.0125231761 } }}, this= 0x21cb9839280
[2025-12-07 21:51:01.870] [PSS] [info] [35504|14920]streaming_driver_interface_impl.cpp:87 SubmitViewFrames: submit view frames {view_texture_handles: 2147496770 view_texture_handles: 2147495298 pose { orientation { x: -0.210007638 y: 0.0137401326 z: 0.131003797 w: 0.968785942 } position { x: 0.00507559348 y: 0.991337061 z: -0.0125016682 } }}, this= 0x21cb9839280
[2025-12-07 21:51:01.907] [PSS] [info] [35504|14920]streaming_driver_interface_impl.cpp:87 SubmitViewFrames: submit view frames {view_texture_handles: 2147496770 view_texture_handles: 2147495298 pose { orientation { x: -0.209361702 y: 0.0137482872 z: 0.130549386 w: 0.968986869 } position { x: 0.00502932165 y: 0.991291463 z: -0.0124480939 } }}, this= 0x21cb9839280
[2025-12-07 21:51:01.935] [PSS] [info] [35504|14920]streaming_driver_interface_impl.cpp:87 SubmitViewFrames: submit view frames {view_texture_handles: 2147496770 view_texture_handles: 2147495298 pose { orientation { x: -0.209389701 y: 0.0140787121 z: 0.129957199 w: 0.969055712 } position { x: 0.0048395074 y: 0.991235316 z: -0.0124237509 } }}, this= 0x21cb9839280
[2025-12-07 21:51:01.966] [PSS] [info] [35504|14920]streaming_driver_interface_impl.cpp:87 SubmitViewFrames: submit view frames {view_texture_handles: 2147496770 view_texture_handles: 2147495298 pose { orientation { x: -0.20969142 y: 0.0141279446 z: 0.129727885 w: 0.969020426 } position { x: 0.00465834234 y: 0.991196454 z: -0.0124170277 } }}, this= 0x21cb9839280
[2025-12-07 21:51:01.994] [PSS] [info] [35504|14920]streaming_driver_interface_impl.cpp:87 SubmitViewFrames: submit view frames {view_texture_handles: 2147496770 view_texture_handles: 2147495298 pose { orientation { x: -0.209627539 y: 0.014701182 z: 0.129795507 w: 0.969016671 } position { x: 0.00439757947 y: 0.991114914 z: -0.0124393813 } }}, this= 0x21cb9839280
[2025-12-07 21:51:02.029] [PSS] [info] [35504|14920]streaming_driver_interface_impl.cpp:87 SubmitViewFrames: submit view frames {view_texture_handles: 2147496770 view_texture_handles: 2147495298 pose { orientation { x: -0.209619805 y: 0.0149478381 z: 0.12971817 w: 0.969024956 } position { x: 0.00424416922 y: 0.991063535 z: -0.0123645067 } }}, this= 0x21cb9839280
[2025-12-07 21:51:02.057] [PSS] [info] [35504|14920]streaming_driver_interface_impl.cpp:87 SubmitViewFrames: submit view frames {view_texture_handles: 2147496770 view_texture_handles: 2147495298 pose { orientation { x: -0.209561124 y: 0.015119452 z: 0.129846275 w: 0.969017804 } position { x: 0.0041205762 y: 0.991098523 z: -0.0123805469 } }}, this= 0x21cb9839280
[2025-12-07 21:51:02.089] [PSS] [info] [35504|14920]streaming_driver_interface_impl.cpp:87 SubmitViewFrames: submit view frames {view_texture_handles: 2147496770 view_texture_handles: 2147495298 pose { orientation { x: -0.208919525 y: 0.0153750107 z: 0.130174711 w: 0.969108224 } position { x: 0.00396608561 y: 0.990995705 z: -0.0123724202 } }}, this= 0x21cb9839280
[2025-12-07 21:51:02.117] [PSS] [info] [35504|14920]streaming_driver_interface_impl.cpp:87 SubmitViewFrames: submit view frames {view_texture_handles: 2147496770 view_texture_handles: 2147495298 pose { orientation { x: -0.208874881 y: 0.0150098484 z: 0.1296639 w: 0.969192088 } position { x: 0.00404456398 y: 0.990943 z: -0.0123675158 } }}, this= 0x21cb9839280
[2025-12-07 21:51:02.148] [PSS] [info] [35504|14920]streaming_driver_interface_impl.cpp:87 SubmitViewFrames: submit view frames {view_texture_handles: 2147496770 view_texture_handles: 2147495298 pose { orientation { x: -0.20873639 y: 0.0150467288 z: 0.129266486 w: 0.969274402 } position { x: 0.0039496175 y: 0.990909338 z: -0.0124567496 } }}, this= 0x21cb9839280
[2025-12-07 21:51:02.175] [PSS] [info] [35504|14920]streaming_driver_interface_impl.cpp:87 SubmitViewFrames: submit view frames {view_texture_handles: 2147496770 view_texture_handles: 2147495298 pose { orientation { x: -0.208942562 y: 0.0151325706 z: 0.128731191 w: 0.969299912 } position { x: 0.00400862424 y: 0.990853429 z: -0.0125478404 } }}, this= 0x21cb9839280
[2025-12-07 21:51:02.208] [PSS] [info] [35504|14920]streaming_driver_interface_impl.cpp:87 SubmitViewFrames: submit view frames {view_texture_handles: 2147496770 view_texture_handles: 2147495298 pose { orientation { x: -0.20899573 y: 0.015068138 z: 0.128262207 w: 0.96935159 } position { x: 0.00404833723 y: 0.990785122 z: -0.0125955334 } }}, this= 0x21cb9839280
[2025-12-07 21:51:02.236] [PSS] [info] [35504|14920]streaming_driver_interface_impl.cpp:87 SubmitViewFrames: submit view frames {view_texture_handles: 2147496770 view_texture_handles: 2147495298 pose { orientation { x: -0.209308356 y: 0.0151892742 z: 0.127725482 w: 0.969353139 } position { x: 0.00402935827 y: 0.990853906 z: -0.0126847774 } }}, this= 0x21cb9839280
[2025-12-07 21:51:02.268] [PSS] [info] [35504|14920]streaming_driver_interface_impl.cpp:87 SubmitViewFrames: submit view frames {view_texture_handles: 2147496770 view_texture_handles: 2147495298 pose { orientation { x: -0.209332183 y: 0.0154614318 z: 0.127528533 w: 0.96936959 } position { x: 0.00400588801 y: 0.990837812 z: -0.0127818985 } }}, this= 0x21cb9839280
[2025-12-07 21:51:02.295] [PSS] [info] [35504|14920]streaming_driver_interface_impl.cpp:87 SubmitViewFrames: submit view frames {view_texture_handles: 2147496770 view_texture_handles: 2147495298 pose { orientation { x: -0.209106117 y: 0.015722068 z: 0.127583027 w: 0.969407 } position { x: 0.00409684516 y: 0.99080193 z: -0.0128092682 } }}, this= 0x21cb9839280
[2025-12-07 21:51:02.328] [PSS] [info] [35504|14920]streaming_driver_interface_impl.cpp:87 SubmitViewFrames: submit view frames {view_texture_handles: 2147496770 view_texture_handles: 2147495298 pose { orientation { x: -0.208962709 y: 0.0156990904 z: 0.127470195 w: 0.969453156 } position { x: 0.00408752728 y: 0.99080044 z: -0.0130029786 } }}, this= 0x21cb9839280
[2025-12-07 21:51:02.355] [PSS] [info] [35504|14920]streaming_driver_interface_impl.cpp:87 SubmitViewFrames: submit view frames {view_texture_handles: 2147496770 view_texture_handles: 2147495298 pose { orientation { x: -0.208870009 y: 0.0161517691 z: 0.12756139 w: 0.969453752 } position { x: 0.0041342685 y: 0.99077034 z: -0.0131389406 } }}, this= 0x21cb9839280
[2025-12-07 21:51:02.387] [PSS] [info] [35504|14920]streaming_driver_interface_impl.cpp:87 SubmitViewFrames: submit view frames {view_texture_handles: 2147496770 view_texture_handles: 2147495298 pose { orientation { x: -0.208980724 y: 0.0165059958 z: 0.127347872 w: 0.969451964 } position { x: 0.00419572974 y: 0.990723848 z: -0.0132871941 } }}, this= 0x21cb9839280
[2025-12-07 21:51:02.418] [PSS] [info] [35504|14920]streaming_driver_interface_impl.cpp:87 SubmitViewFrames: submit view frames {view_texture_handles: 2147496770 view_texture_handles: 2147495298 pose { orientation { x: -0.20931606 y: 0.0171353593 z: 0.126921326 w: 0.969424665 } position { x: 0.00410724944 y: 0.990565181 z: -0.0134684592 } }}, this= 0x21cb9839280
[2025-12-07 21:51:02.451] [PSS] [info] [35504|14920]streaming_driver_interface_impl.cpp:87 SubmitViewFrames: submit view frames {view_texture_handles: 2147496770 view_texture_handles: 2147495298 pose { orientation { x: -0.209437102 y: 0.0192216039 z: 0.125347495 w: 0.96956414 } position { x: 0.00388524123 y: 0.990460873 z: -0.01383489 } }}, this= 0x21cb9839280
[2025-12-07 21:51:02.479] [PSS] [info] [35504|14920]streaming_driver_interface_impl.cpp:87 SubmitViewFrames: submit view frames {view_texture_handles: 2147496770 view_texture_handles: 2147495298 pose { orientation { x: -0.209671885 y: 0.0215678029 z: 0.123852409 w: 0.969656169 } position { x: 0.00352452416 y: 0.990192533 z: -0.0141017865 } }}, this= 0x21cb9839280
[2025-12-07 21:51:02.510] [PSS] [info] [35504|14920]streaming_driver_interface_impl.cpp:87 SubmitViewFrames: submit view frames {view_texture_handles: 2147496770 view_texture_handles: 2147495298 pose { orientation { x: -0.209809199 y: 0.0248725675 z: 0.12241438 w: 0.96972996 } position { x: 0.00283548236 y: 0.989879608 z: -0.0144842211 } }}, this= 0x21cb9839280
[2025-12-07 21:51:02.537] [PSS] [info] [35504|14920]streaming_driver_interface_impl.cpp:87 SubmitViewFrames: submit view frames {view_texture_handles: 2147496770 view_texture_handles: 2147495298 pose { orientation { x: -0.209439516 y: 0.0310151149 z: 0.120049007 w: 0.969928563 } position { x: 0.0014976738 y: 0.989447355 z: -0.0151369879 } }}, this= 0x21cb9839280
[2025-12-07 21:51:02.565] [PSS] [info] [35504|14920]streaming_driver_interface_impl.cpp:87 SubmitViewFrames: submit view frames {view_texture_handles: 2147496770 view_texture_handles: 2147495298 pose { orientation { x: -0.20915091 y: 0.0395255908 z: 0.118148215 w: 0.969914854 } position { x: -0.00022937535 y: 0.989039 z: -0.0159196239 } }}, this= 0x21cb9839280
[2025-12-07 21:51:02.593] [PSS] [info] [35504|14920]streaming_driver_interface_impl.cpp:87 SubmitViewFrames: submit view frames {view_texture_handles: 2147496770 view_texture_handles: 2147495298 pose { orientation { x: -0.209021509 y: 0.0504562818 z: 0.116164476 w: 0.969675183 } position { x: -0.00236894889 y: 0.988238 z: -0.0165630989 } }}, this= 0x21cb9839280
[2025-12-07 21:51:02.625] [PSS] [info] [35504|14920]streaming_driver_interface_impl.cpp:87 SubmitViewFrames: submit view frames {view_texture_handles: 2147496770 view_texture_handles: 2147495298 pose { orientation { x: -0.209185675 y: 0.0601914339 z: 0.114024021 w: 0.969338357 } position { x: -0.00421039434 y: 0.987433851 z: -0.0174848791 } }}, this= 0x21cb9839280
[2025-12-07 21:51:02.653] [PSS] [info] [35504|14920]streaming_driver_interface_impl.cpp:87 SubmitViewFrames: submit view frames {view_texture_handles: 2147496770 view_texture_handles: 2147495298 pose { orientation { x: -0.209002435 y: 0.0693640932 z: 0.1124992 w: 0.968943 } position { x: -0.00618190179 y: 0.986694336 z: -0.0186028015 } }}, this= 0x21cb9839280
[2025-12-07 21:51:02.685] [PSS] [info] [35504|14920]streaming_driver_interface_impl.cpp:87 SubmitViewFrames: submit view frames {view_texture_handles: 2147496770 view_texture_handles: 2147495298 pose { orientation { x: -0.209303275 y: 0.0787962675 z: 0.110401563 w: 0.968398035 } position { x: -0.00825529825 y: 0.985702157 z: -0.019601047 } }}, this= 0x21cb9839280
[2025-12-07 21:51:02.713] [PSS] [info] [35504|14920]streaming_driver_interface_impl.cpp:87 SubmitViewFrames: submit view frames {view_texture_handles: 2147496770 view_texture_handles: 2147495298 pose { orientation { x: -0.209425494 y: 0.0864365399 z: 0.108857 w: 0.967894554 } position { x: -0.0100210533 y: 0.984779418 z: -0.0210192502 } }}, this= 0x21cb9839280
[2025-12-07 21:51:02.744] [PSS] [info] [35504|14920]streaming_driver_interface_impl.cpp:87 SubmitViewFrames: submit view frames {view_texture_handles: 2147496770 view_texture_handles: 2147495298 pose { orientation { x: -0.209254295 y: 0.0983874 z: 0.106714562 w: 0.967028737 } position { x: -0.0129394922 y: 0.983554542 z: -0.0233261045 } }}, this= 0x21cb9839280
[2025-12-07 21:51:02.771] [PSS] [info] [35504|14920]streaming_driver_interface_impl.cpp:87 SubmitViewFrames: submit view frames {view_texture_handles: 2147496770 view_texture_handles: 2147495298 pose { orientation { x: -0.209574237 y: 0.104561761 z: 0.105398133 w: 0.966455758 } position { x: -0.0143836737 y: 0.98278296 z: -0.0247852337 } }}, this= 0x21cb9839280
[2025-12-07 21:51:02.799] [PSS] [info] [35504|14920]streaming_driver_interface_impl.cpp:87 SubmitViewFrames: submit view frames {view_texture_handles: 2147496770 view_texture_handles: 2147495298 pose { orientation { x: -0.20885253 y: 0.111053847 z: 0.104542986 w: 0.965980589 } position { x: -0.0158720352 y: 0.982166409 z: -0.0264219511 } }}, this= 0x21cb9839280
[2025-12-07 21:51:02.832] [PSS] [info] [35504|14920]streaming_driver_interface_impl.cpp:87 SubmitViewFrames: submit view frames {view_texture_handles: 2147496770 view_texture_handles: 2147495298 pose { orientation { x: -0.208376914 y: 0.116918087 z: 0.103300832 w: 0.965524793 } position { x: -0.0172271859 y: 0.981520772 z: -0.0279724 } }}, this= 0x21cb9839280
[2025-12-07 21:51:02.859] [PSS] [info] [35504|14920]streaming_driver_interface_impl.cpp:87 SubmitViewFrames: submit view frames {view_texture_handles: 2147496770 view_texture_handles: 2147495298 pose { orientation { x: -0.208377272 y: 0.121528693 z: 0.102316894 w: 0.965060115 } position { x: -0.0180183556 y: 0.98113811 z: -0.0292700119 } }}, this= 0x21cb9839280
[2025-12-07 21:51:02.892] [PSS] [info] [35504|14920]streaming_driver_interface_impl.cpp:87 SubmitViewFrames: submit view frames {view_texture_handles: 2147496770 view_texture_handles: 2147495298 pose { orientation { x: -0.208216831 y: 0.125503734 z: 0.101307668 w: 0.964692354 } position { x: -0.0186619405 y: 0.980813086 z: -0.0305263493 } }}, this= 0x21cb9839280
[2025-12-07 21:51:02.920] [PSS] [info] [35504|14920]streaming_driver_interface_impl.cpp:87 SubmitViewFrames: submit view frames {view_texture_handles: 2147496770 view_texture_handles: 2147495298 pose { orientation { x: -0.208119318 y: 0.128807604 z: 0.100829974 w: 0.964327872 } position { x: -0.0191281568 y: 0.980510533 z: -0.0315582678 } }}, this= 0x21cb9839280
[2025-12-07 21:51:02.952] [PSS] [info] [35504|14920]streaming_driver_interface_impl.cpp:87 SubmitViewFrames: submit view frames {view_texture_handles: 2147496770 view_texture_handles: 2147495298 pose { orientation { x: -0.208403274 y: 0.132136375 z: 0.099167712 w: 0.963988543 } position { x: -0.0191399194 y: 0.980273 z: -0.0330280475 } }}, this= 0x21cb9839280
[2025-12-07 21:51:02.980] [PSS] [info] [35504|14920]streaming_driver_interface_impl.cpp:87 SubmitViewFrames: submit view frames {view_texture_handles: 2147496770 view_texture_handles: 2147495298 pose { orientation { x: -0.208833531 y: 0.133856103 z: 0.0987707824 w: 0.963698804 } position { x: -0.0190610606 y: 0.980099082 z: -0.0339305885 } }}, this= 0x21cb9839280
[2025-12-07 21:51:03.011] [PSS] [info] [35504|14920]streaming_driver_interface_impl.cpp:87 SubmitViewFrames: submit view frames {view_texture_handles: 2147496770 view_texture_handles: 2147495298 pose { orientation { x: -0.209395081 y: 0.135451734 z: 0.0982934609 w: 0.963402808 } position { x: -0.0187502783 y: 0.979879737 z: -0.0346550606 } }}, this= 0x21cb9839280
[2025-12-07 21:51:03.040] [PSS] [info] [35504|14920]streaming_driver_interface_impl.cpp:87 SubmitViewFrames: submit view frames {view_texture_handles: 2147496770 view_texture_handles: 2147495298 pose { orientation { x: -0.209789604 y: 0.136477247 z: 0.0974996313 w: 0.963252902 } position { x: -0.0182386581 y: 0.979725897 z: -0.0353844687 } }}, this= 0x21cb9839280
[2025-12-07 21:51:03.072] [PSS] [info] [35504|14920]streaming_driver_interface_impl.cpp:87 SubmitViewFrames: submit view frames {view_texture_handles: 2147496770 view_texture_handles: 2147495298 pose { orientation { x: -0.210173428 y: 0.137393534 z: 0.0968472362 w: 0.963104725 } position { x: -0.0175660327 y: 0.97946316 z: -0.0360299572 } }}, this= 0x21cb9839280
[2025-12-07 21:51:03.104] [PSS] [info] [35504|14920]streaming_driver_interface_impl.cpp:87 SubmitViewFrames: submit view frames {view_texture_handles: 2147496770 view_texture_handles: 2147495298 pose { orientation { x: -0.210928231 y: 0.138167888 z: 0.0957596079 w: 0.962937713 } position { x: -0.0168300364 y: 0.97926724 z: -0.036700055 } }}, this= 0x21cb9839280
[2025-12-07 21:51:03.132] [PSS] [info] [35504|14920]streaming_driver_interface_impl.cpp:87 SubmitViewFrames: submit view frames {view_texture_handles: 2147496770 view_texture_handles: 2147495298 pose { orientation { x: -0.211319923 y: 0.138645455 z: 0.0948073044 w: 0.962877393 } position { x: -0.0159362853 y: 0.979014099 z: -0.0372242294 } }}, this= 0x21cb9839280
[2025-12-07 21:51:03.163] [PSS] [info] [35504|14920]streaming_driver_interface_impl.cpp:87 SubmitViewFrames: submit view frames {view_texture_handles: 2147496770 view_texture_handles: 2147495298 pose { orientation { x: -0.212131426 y: 0.139156327 z: 0.0929977 w: 0.962801754 } position { x: -0.014413313 y: 0.978598952 z: -0.0379430279 } }}, this= 0x21cb9839280
[2025-12-07 21:51:03.190] [PSS] [info] [35504|14920]streaming_driver_interface_impl.cpp:87 SubmitViewFrames: submit view frames {view_texture_handles: 2147496770 view_texture_handles: 2147495298 pose { orientation { x: -0.21293956 y: 0.139243424 z: 0.091303274 w: 0.962772906 } position { x: -0.0132174008 y: 0.978428245 z: -0.0383547321 } }}, this= 0x21cb9839280
[2025-12-07 21:51:03.223] [PSS] [info] [35504|14920]streaming_driver_interface_impl.cpp:87 SubmitViewFrames: submit view frames {view_texture_handles: 2147496770 view_texture_handles: 2147495298 pose { orientation { x: -0.213555828 y: 0.139009655 z: 0.0898831636 w: 0.962803841 } position { x: -0.011982901 y: 0.978237569 z: -0.038692981 } }}, this= 0x21cb9839280
[2025-12-07 21:51:03.251] [PSS] [info] [35504|14920]streaming_driver_interface_impl.cpp:87 SubmitViewFrames: submit view frames {view_texture_handles: 2147496770 view_texture_handles: 2147495298 pose { orientation { x: -0.214341417 y: 0.138936117 z: 0.0888150856 w: 0.962739 } position { x: -0.0108486107 y: 0.978105068 z: -0.0391060263 } }}, this= 0x21cb9839280
[2025-12-07 21:51:03.282] [PSS] [info] [35504|14920]streaming_driver_interface_impl.cpp:87 SubmitViewFrames: submit view frames {view_texture_handles: 2147496770 view_texture_handles: 2147495298 pose { orientation { x: -0.214663967 y: 0.138743356 z: 0.0876760408 w: 0.96279937 } position { x: -0.00953813642 y: 0.978014052 z: -0.039524734 } }}, this= 0x21cb9839280
[2025-12-07 21:51:03.310] [PSS] [info] [35504|14920]streaming_driver_interface_impl.cpp:87 SubmitViewFrames: submit view frames {view_texture_handles: 2147496770 view_texture_handles: 2147495298 pose { orientation { x: -0.214903191 y: 0.138193876 z: 0.0869564936 w: 0.962890267 } position { x: -0.00825443864 y: 0.97792536 z: -0.040023841 } }}, this= 0x21cb9839280
[2025-12-07 21:51:03.342] [PSS] [info] [35504|14920]streaming_driver_interface_impl.cpp:87 SubmitViewFrames: submit view frames {view_texture_handles: 2147496770 view_texture_handles: 2147495298 pose { orientation { x: -0.21532391 y: 0.137175977 z: 0.0862992853 w: 0.963000953 } position { x: -0.00639919611 y: 0.977846801 z: -0.0408424251 } }}, this= 0x21cb9839280
[2025-12-07 21:51:03.369] [PSS] [info] [35504|14920]streaming_driver_interface_impl.cpp:87 SubmitViewFrames: submit view frames {view_texture_handles: 2147496770 view_texture_handles: 2147495298 pose { orientation { x: -0.215581134 y: 0.136357859 z: 0.085962005 w: 0.963089764 } position { x: -0.00524268067 y: 0.977853775 z: -0.0414504483 } }}, this= 0x21cb9839280
[2025-12-07 21:51:03.402] [PSS] [info] [35504|14920]streaming_driver_interface_impl.cpp:87 SubmitViewFrames: submit view frames {view_texture_handles: 2147496770 view_texture_handles: 2147495298 pose { orientation { x: -0.215730876 y: 0.135203421 z: 0.0860377327 w: 0.963212192 } position { x: -0.00394967431 y: 0.977944195 z: -0.0420735851 } }}, this= 0x21cb9839280
[2025-12-07 21:51:03.429] [PSS] [info] [35504|14920]streaming_driver_interface_impl.cpp:87 SubmitViewFrames: submit view frames {view_texture_handles: 2147496770 view_texture_handles: 2147495298 pose { orientation { x: -0.215718299 y: 0.133281127 z: 0.0864518136 w: 0.963445842 } position { x: -0.00250973785 y: 0.978067815 z: -0.0428374335 } }}, this= 0x21cb9839280
[2025-12-07 21:51:03.461] [PSS] [info] [35504|14920]streaming_driver_interface_impl.cpp:87 SubmitViewFrames: submit view frames {view_texture_handles: 2147496770 view_texture_handles: 2147495298 pose { orientation { x: -0.21545206 y: 0.130797073 z: 0.0874009207 w: 0.963760138 } position { x: -0.000961183 y: 0.978143692 z: -0.0437519364 } }}, this= 0x21cb9839280
[2025-12-07 21:51:03.489] [PSS] [info] [35504|14920]streaming_driver_interface_impl.cpp:87 SubmitViewFrames: submit view frames {view_texture_handles: 2147496770 view_texture_handles: 2147495298 pose { orientation { x: -0.215627402 y: 0.127064735 z: 0.0886488631 w: 0.964106202 } position { x: 0.000882845779 y: 0.978298962 z: -0.0444959849 } }}, this= 0x21cb9839280
[2025-12-07 21:51:03.521] [PSS] [info] [35504|14920]streaming_driver_interface_impl.cpp:87 SubmitViewFrames: submit view frames {view_texture_handles: 2147496770 view_texture_handles: 2147495298 pose { orientation { x: -0.215420514 y: 0.12218041 z: 0.0894493386 w: 0.964709699 } position { x: 0.00308583491 y: 0.978613 z: -0.0454211123 } }}, this= 0x21cb9839280
[2025-12-07 21:51:03.549] [PSS] [info] [35504|14920]streaming_driver_interface_impl.cpp:87 SubmitViewFrames: submit view frames {view_texture_handles: 2147496770 view_texture_handles: 2147495298 pose { orientation { x: -0.214606598 y: 0.116019927 z: 0.0902052596 w: 0.965580881 } position { x: 0.00547718676 y: 0.979288459 z: -0.0460868366 } }}, this= 0x21cb9839280
[2025-12-07 21:51:03.580] [PSS] [info] [35504|14920]streaming_driver_interface_impl.cpp:87 SubmitViewFrames: submit view frames {view_texture_handles: 2147496770 view_texture_handles: 2147495298 pose { orientation { x: -0.211484164 y: 0.10278739 z: 0.0924783498 w: 0.967552066 } position { x: 0.0103194611 y: 0.980636656 z: -0.0473770574 } }}, this= 0x21cb9839280
[2025-12-07 21:51:03.608] [PSS] [info] [35504|14920]streaming_driver_interface_impl.cpp:87 SubmitViewFrames: submit view frames {view_texture_handles: 2147496770 view_texture_handles: 2147495298 pose { orientation { x: -0.208768949 y: 0.0918545425 z: 0.0920255706 w: 0.969283 } position { x: 0.01342458 y: 0.98235178 z: -0.0482191257 } }}, this= 0x21cb9839280
[2025-12-07 21:51:03.640] [PSS] [info] [35504|14920]streaming_driver_interface_impl.cpp:87 SubmitViewFrames: submit view frames {view_texture_handles: 2147496770 view_texture_handles: 2147495298 pose { orientation { x: -0.205775231 y: 0.0824340954 z: 0.0923568085 w: 0.970737576 } position { x: 0.0166086424 y: 0.984069109 z: -0.0488893129 } }}, this= 0x21cb9839280
[2025-12-07 21:51:03.668] [PSS] [info] [35504|14920]streaming_driver_interface_impl.cpp:87 SubmitViewFrames: submit view frames {view_texture_handles: 2147496770 view_texture_handles: 2147495298 pose { orientation { x: -0.202993259 y: 0.0750409439 z: 0.0904104114 w: 0.972105205 } position { x: 0.0194810778 y: 0.985104203 z: -0.0497452579 } }}, this= 0x21cb9839280
[2025-12-07 21:51:03.700] [PSS] [info] [35504|14920]streaming_driver_interface_impl.cpp:87 SubmitViewFrames: submit view frames {view_texture_handles: 2147496770 view_texture_handles: 2147495298 pose { orientation { x: -0.196325645 y: 0.0675324202 z: 0.0872617 w: 0.974310517 } position { x: 0.0224102922 y: 0.987010837 z: -0.0511497743 } }}, this= 0x21cb9839280
[2025-12-07 21:51:03.728] [PSS] [info] [35504|14920]streaming_driver_interface_impl.cpp:87 SubmitViewFrames: submit view frames {view_texture_handles: 2147496770 view_texture_handles: 2147495298 pose { orientation { x: -0.196985528 y: 0.0623740554 z: 0.0843751058 w: 0.974775374 } position { x: 0.0253729858 y: 0.988259137 z: -0.0507739373 } }}, this= 0x21cb9839280
[2025-12-07 21:51:03.759] [PSS] [info] [35504|14920]streaming_driver_interface_impl.cpp:87 SubmitViewFrames: submit view frames {view_texture_handles: 2147496770 view_texture_handles: 2147495298 pose { orientation { x: -0.193507344 y: 0.058147341 z: 0.0785622075 w: 0.976218104 } position { x: 0.0288052019 y: 0.99026984 z: -0.0513184816 } }}, this= 0x21cb9839280
[2025-12-07 21:51:03.787] [PSS] [info] [35504|14920]streaming_driver_interface_impl.cpp:87 SubmitViewFrames: submit view frames {view_texture_handles: 2147496770 view_texture_handles: 2147495298 pose { orientation { x: -0.192194879 y: 0.0553402975 z: 0.0753395557 w: 0.976894319 } position { x: 0.0308570024 y: 0.991075277 z: -0.0518345274 } }}, this= 0x21cb9839280
[2025-12-07 21:51:03.818] [PSS] [info] [35504|14920]streaming_driver_interface_impl.cpp:87 SubmitViewFrames: submit view frames {view_texture_handles: 2147496770 view_texture_handles: 2147495298 pose { orientation { x: -0.191613644 y: 0.0536461063 z: 0.071897611 w: 0.977362275 } position { x: 0.0328710414 y: 0.991926491 z: -0.0519608743 } }}, this= 0x21cb9839280
[2025-12-07 21:51:03.851] [PSS] [info] [35504|14920]streaming_driver_interface_impl.cpp:87 SubmitViewFrames: submit view frames {view_texture_handles: 2147496770 view_texture_handles: 2147495298 pose { orientation { x: -0.189955384 y: 0.0519343317 z: 0.0699090585 w: 0.977922559 } position { x: 0.0347461067 y: 0.99277544 z: -0.0521067269 } }}, this= 0x21cb9839280
[2025-12-07 21:51:03.879] [PSS] [info] [35504|14920]streaming_driver_interface_impl.cpp:87 SubmitViewFrames: submit view frames {view_texture_handles: 2147496770 view_texture_handles: 2147495298 pose { orientation { x: -0.189724594 y: 0.0492485091 z: 0.0688493922 w: 0.978181422 } position { x: 0.036701519 y: 0.993561268 z: -0.0524971113 } }}, this= 0x21cb9839280
[2025-12-07 21:51:03.910] [PSS] [info] [35504|14920]streaming_driver_interface_impl.cpp:87 SubmitViewFrames: submit view frames {view_texture_handles: 2147496770 view_texture_handles: 2147495298 pose { orientation { x: -0.190407947 y: 0.0464161374 z: 0.0694179758 w: 0.978147 } position { x: 0.0385874882 y: 0.993832886 z: -0.0527511425 } }}, this= 0x21cb9839280
[2025-12-07 21:51:03.943] [PSS] [info] [35504|14920]streaming_driver_interface_impl.cpp:87 SubmitViewFrames: submit view frames {view_texture_handles: 2147496770 view_texture_handles: 2147495298 pose { orientation { x: -0.19096306 y: 0.0426695533 z: 0.0710596666 w: 0.978091478 } position { x: 0.041070845 y: 0.994650483 z: -0.0531084 } }}, this= 0x21cb9839280
[2025-12-07 21:51:03.971] [PSS] [info] [35504|14920]streaming_driver_interface_impl.cpp:87 SubmitViewFrames: submit view frames {view_texture_handles: 2147496770 view_texture_handles: 2147495298 pose { orientation { x: -0.191252425 y: 0.041311983 z: 0.0728369281 w: 0.977962494 } position { x: 0.0426108874 y: 0.995117664 z: -0.0530619286 } }}, this= 0x21cb9839280
[2025-12-07 21:51:04.002] [PSS] [info] [35504|14920]streaming_driver_interface_impl.cpp:87 SubmitViewFrames: submit view frames {view_texture_handles: 2147496770 view_texture_handles: 2147495298 pose { orientation { x: -0.190021068 y: 0.0396593213 z: 0.0722886771 w: 0.978311539 } position { x: 0.0440410636 y: 0.99596417 z: -0.0530773215 } }}, this= 0x21cb9839280
[2025-12-07 21:51:04.031] [PSS] [info] [35504|14920]streaming_driver_interface_impl.cpp:87 SubmitViewFrames: submit view frames {view_texture_handles: 2147496770 view_texture_handles: 2147495298 pose { orientation { x: -0.189788342 y: 0.03867862 z: 0.0718074217 w: 0.978431463 } position { x: 0.0453141555 y: 0.996717691 z: -0.0529061705 } }}, this= 0x21cb9839280
[2025-12-07 21:51:04.062] [PSS] [info] [35504|14920]streaming_driver_interface_impl.cpp:87 SubmitViewFrames: submit view frames {view_texture_handles: 2147496770 view_texture_handles: 2147495298 pose { orientation { x: -0.188485771 y: 0.0380741023 z: 0.0705948099 w: 0.978795111 } position { x: 0.0463948064 y: 0.997593522 z: -0.0528993644 } }}, this= 0x21cb9839280
[2025-12-07 21:51:04.089] [PSS] [info] [35504|14920]streaming_driver_interface_impl.cpp:87 SubmitViewFrames: submit view frames {view_texture_handles: 2147496770 view_texture_handles: 2147495298 pose { orientation { x: -0.187139928 y: 0.0372769311 z: 0.069982633 w: 0.979127944 } position { x: 0.0473559946 y: 0.998102903 z: -0.0528683104 } }}, this= 0x21cb9839280
[2025-12-07 21:51:04.117] [PSS] [info] [35504|14920]streaming_driver_interface_impl.cpp:87 SubmitViewFrames: submit view frames {view_texture_handles: 2147496770 view_texture_handles: 2147495298 pose { orientation { x: -0.186375171 y: 0.0364994481 z: 0.07044103 w: 0.97927022 } position { x: 0.0482482687 y: 0.9983 z: -0.053035982 } }}, this= 0x21cb9839280
[2025-12-07 21:51:04.148] [PSS] [info] [35504|14920]streaming_driver_interface_impl.cpp:87 SubmitViewFrames: submit view frames {view_texture_handles: 2147496770 view_texture_handles: 2147495298 pose { orientation { x: -0.186622 y: 0.035275884 z: 0.0714320838 w: 0.97919631 } position { x: 0.0488896668 y: 0.998110771 z: -0.0532968566 } }}, this= 0x21cb9839280
[2025-12-07 21:51:04.177] [PSS] [info] [35504|14920]streaming_driver_interface_impl.cpp:87 SubmitViewFrames: submit view frames {view_texture_handles: 2147496770 view_texture_handles: 2147495298 pose { orientation { x: -0.186900511 y: 0.034984991 z: 0.0722758397 w: 0.979091644 } position { x: 0.0492410101 y: 0.997757673 z: -0.0536296591 } }}, this= 0x21cb9839280
[2025-12-07 21:51:04.209] [PSS] [info] [35504|14920]streaming_driver_interface_impl.cpp:87 SubmitViewFrames: submit view frames {view_texture_handles: 2147496770 view_texture_handles: 2147495298 pose { orientation { x: -0.188663661 y: 0.0355559476 z: 0.0738838241 w: 0.978612781 } position { x: 0.049599003 y: 0.996730745 z: -0.0542518646 } }}, this= 0x21cb9839280
[2025-12-07 21:51:04.236] [PSS] [info] [35504|14920]streaming_driver_interface_impl.cpp:87 SubmitViewFrames: submit view frames {view_texture_handles: 2147496770 view_texture_handles: 2147495298 pose { orientation { x: -0.190044045 y: 0.03623778 z: 0.0742157 w: 0.978295624 } position { x: 0.0497689 y: 0.99614352 z: -0.0546075515 } }}, this= 0x21cb9839280
[2025-12-07 21:51:04.266] [PSS] [info] [35504|14920]streaming_driver_interface_impl.cpp:87 SubmitViewFrames: submit view frames {view_texture_handles: 2147496770 view_texture_handles: 2147495298 pose { orientation { x: -0.191314802 y: 0.0366758816 z: 0.074084267 w: 0.97804147 } position { x: 0.0498067215 y: 0.995604694 z: -0.0549761094 } }}, this= 0x21cb9839280
[2025-12-07 21:51:04.298] [PSS] [info] [35504|14920]streaming_driver_interface_impl.cpp:87 SubmitViewFrames: submit view frames {view_texture_handles: 2147496770 view_texture_handles: 2147495298 pose { orientation { x: -0.192644849 y: 0.0373670794 z: 0.0743410662 w: 0.977734685 } position { x: 0.0497683175 y: 0.995093763 z: -0.0554346144 } }}, this= 0x21cb9839280
[2025-12-07 21:51:04.326] [PSS] [info] [35504|14920]streaming_driver_interface_impl.cpp:87 SubmitViewFrames: submit view frames {view_texture_handles: 2147496770 view_texture_handles: 2147495298 pose { orientation { x: -0.193334892 y: 0.037470106 z: 0.0746320263 w: 0.977572322 } position { x: 0.0498728417 y: 0.994752765 z: -0.0558201522 } }}, this= 0x21cb9839280
[2025-12-07 21:51:04.358] [PSS] [info] [35504|14920]streaming_driver_interface_impl.cpp:87 SubmitViewFrames: submit view frames {view_texture_handles: 2147496770 view_texture_handles: 2147495298 pose { orientation { x: -0.193679273 y: 0.0375789367 z: 0.075318329 w: 0.977447331 } position { x: 0.0497279502 y: 0.994291067 z: -0.0563429818 } }}, this= 0x21cb9839280
[2025-12-07 21:51:04.386] [PSS] [info] [35504|14920]streaming_driver_interface_impl.cpp:87 SubmitViewFrames: submit view frames {view_texture_handles: 2147496770 view_texture_handles: 2147495298 pose { orientation { x: -0.194435313 y: 0.0377553888 z: 0.0761817545 w: 0.977223516 } position { x: 0.0495409556 y: 0.993763804 z: -0.0568160787 } }}, this= 0x21cb9839280
[2025-12-07 21:51:04.418] [PSS] [info] [35504|14920]streaming_driver_interface_impl.cpp:87 SubmitViewFrames: submit view frames {view_texture_handles: 2147496770 view_texture_handles: 2147495298 pose { orientation { x: -0.196027979 y: 0.0386035368 z: 0.0776900351 w: 0.976753354 } position { x: 0.0492418446 y: 0.992872953 z: -0.057407368 } }}, this= 0x21cb9839280
[2025-12-07 21:51:04.446] [PSS] [info] [35504|14920]streaming_driver_interface_impl.cpp:87 SubmitViewFrames: submit view frames {view_texture_handles: 2147496770 view_texture_handles: 2147495298 pose { orientation { x: -0.196770757 y: 0.0389327779 z: 0.0781612322 w: 0.976553321 } position { x: 0.0490989424 y: 0.992386878 z: -0.0578282513 } }}, this= 0x21cb9839280
[2025-12-07 21:51:04.477] [PSS] [info] [35504|14920]streaming_driver_interface_impl.cpp:87 SubmitViewFrames: submit view frames {view_texture_handles: 2147496770 view_texture_handles: 2147495298 pose { orientation { x: -0.197947294 y: 0.0396591462 z: 0.0786292329 w: 0.976248682 } position { x: 0.0487573333 y: 0.991763949 z: -0.0582507327 } }}, this= 0x21cb9839280
[2025-12-07 21:51:04.504] [PSS] [info] [35504|14920]streaming_driver_interface_impl.cpp:87 SubmitViewFrames: submit view frames {view_texture_handles: 2147496770 view_texture_handles: 2147495298 pose { orientation { x: -0.198990867 y: 0.0406463519 z: 0.0791199878 w: 0.975956202 } position { x: 0.0484273359 y: 0.991146445 z: -0.0585881323 } }}, this= 0x21cb9839280
[2025-12-07 21:51:04.532] [PSS] [info] [35504|14920]streaming_driver_interface_impl.cpp:87 SubmitViewFrames: submit view frames {view_texture_handles: 2147496770 view_texture_handles: 2147495298 pose { orientation { x: -0.200150907 y: 0.042009186 z: 0.0794197693 w: 0.975636899 } position { x: 0.0481374077 y: 0.990466237 z: -0.0588423647 } }}, this= 0x21cb9839280
[2025-12-07 21:51:04.564] [PSS] [info] [35504|14920]streaming_driver_interface_impl.cpp:87 SubmitViewFrames: submit view frames {view_texture_handles: 2147496770 view_texture_handles: 2147495298 pose { orientation { x: -0.199445009 y: 0.0417515375 z: 0.0775897056 w: 0.975939691 } position { x: 0.0482468568 y: 0.990471542 z: -0.0594727136 } }}, this= 0x21cb9839280
[2025-12-07 21:51:04.592] [PSS] [info] [35504|14920]streaming_driver_interface_impl.cpp:87 SubmitViewFrames: submit view frames {view_texture_handles: 2147496770 view_texture_handles: 2147495298 pose { orientation { x: -0.200866163 y: 0.0420417897 z: 0.0787201598 w: 0.975545287 } position { x: 0.0481351651 y: 0.989649296 z: -0.0596364923 } }}, this= 0x21cb9839280
[2025-12-07 21:51:04.624] [PSS] [info] [35504|14920]streaming_driver_interface_impl.cpp:87 SubmitViewFrames: submit view frames {view_texture_handles: 2147496770 view_texture_handles: 2147495298 pose { orientation { x: -0.20265159 y: 0.0430839881 z: 0.0785855725 w: 0.975141227 } position { x: 0.0480656959 y: 0.989045262 z: -0.0598584637 } }}, this= 0x21cb9839280
[2025-12-07 21:51:04.652] [PSS] [info] [35504|14920]streaming_driver_interface_impl.cpp:87 SubmitViewFrames: submit view frames {view_texture_handles: 2147496770 view_texture_handles: 2147495298 pose { orientation { x: -0.203226224 y: 0.0434556492 z: 0.0783560649 w: 0.975023627 } position { x: 0.048026856 y: 0.988730252 z: -0.0600329973 } }}, this= 0x21cb9839280
[2025-12-07 21:51:04.684] [PSS] [info] [35504|14920]streaming_driver_interface_impl.cpp:87 SubmitViewFrames: submit view frames {view_texture_handles: 2147496770 view_texture_handles: 2147495298 pose { orientation { x: -0.204185501 y: 0.0441391692 z: 0.0787610263 w: 0.974759817 } position { x: 0.0480743833 y: 0.988381743 z: -0.0601399094 } }}, this= 0x21cb9839280
[2025-12-07 21:51:04.712] [PSS] [info] [35504|14920]streaming_driver_interface_impl.cpp:87 SubmitViewFrames: submit view frames {view_texture_handles: 2147496770 view_texture_handles: 2147495298 pose { orientation { x: -0.204642236 y: 0.0441209525 z: 0.0790260136 w: 0.974643409 } position { x: 0.0481749251 y: 0.988128662 z: -0.0602163263 } }}, this= 0x21cb9839280
[2025-12-07 21:51:04.743] [PSS] [info] [35504|14920]streaming_driver_interface_impl.cpp:87 SubmitViewFrames: submit view frames {view_texture_handles: 2147496770 view_texture_handles: 2147495298 pose { orientation { x: -0.204938486 y: 0.0440245494 z: 0.0792911127 w: 0.974564 } position { x: 0.0481653251 y: 0.987840772 z: -0.0603639446 } }}, this= 0x21cb9839280
[2025-12-07 21:51:04.771] [PSS] [info] [35504|14920]streaming_driver_interface_impl.cpp:87 SubmitViewFrames: submit view frames {view_texture_handles: 2147496770 view_texture_handles: 2147495298 pose { orientation { x: -0.205463544 y: 0.044047717 z: 0.0797053 w: 0.974418581 } position { x: 0.0481728092 y: 0.987514377 z: -0.0604803599 } }}, this= 0x21cb9839280
[2025-12-07 21:51:04.803] [PSS] [info] [35504|14920]streaming_driver_interface_impl.cpp:87 SubmitViewFrames: submit view frames {view_texture_handles: 2147496770 view_texture_handles: 2147495298 pose { orientation { x: -0.206367671 y: 0.0440800078 z: 0.0802611783 w: 0.97418052 } position { x: 0.0481197275 y: 0.987120748 z: -0.0605674423 } }}, this= 0x21cb9839280
[2025-12-07 21:51:04.831] [PSS] [info] [35504|14920]streaming_driver_interface_impl.cpp:87 SubmitViewFrames: submit view frames {view_texture_handles: 2147496770 view_texture_handles: 2147495298 pose { orientation { x: -0.207533613 y: 0.0446185134 z: 0.0814199895 w: 0.973812 } position { x: 0.0478455797 y: 0.986718476 z: -0.0606991425 } }}, this= 0x21cb9839280
[2025-12-07 21:51:04.862] [PSS] [info] [35504|14920]streaming_driver_interface_impl.cpp:87 SubmitViewFrames: submit view frames {view_texture_handles: 2147496770 view_texture_handles: 2147495298 pose { orientation { x: -0.211718425 y: 0.0472438224 z: 0.0820074081 w: 0.972737432 } position { x: 0.0470913 y: 0.984911084 z: -0.0604441836 } }}, this= 0x21cb9839280
[2025-12-07 21:51:04.890] [PSS] [info] [35504|14920]streaming_driver_interface_impl.cpp:87 SubmitViewFrames: submit view frames {view_texture_handles: 2147496770 view_texture_handles: 2147495298 pose { orientation { x: -0.21610637 y: 0.0496815741 z: 0.0826900378 w: 0.971592605 } position { x: 0.046551235 y: 0.983608246 z: -0.0603764243 } }}, this= 0x21cb9839280
[2025-12-07 21:51:04.918] [PSS] [info] [35504|14920]streaming_driver_interface_impl.cpp:87 SubmitViewFrames: submit view frames {view_texture_handles: 2147496770 view_texture_handles: 2147495298 pose { orientation { x: -0.229928315 y: 0.0547292791 z: 0.0952256843 w: 0.966990054 } position { x: 0.0454986617 y: 0.978870034 z: -0.0592298806 } }}, this= 0x21cb9839280
[2025-12-07 21:51:04.950] [PSS] [info] [35504|14920]streaming_driver_interface_impl.cpp:87 SubmitViewFrames: submit view frames {view_texture_handles: 2147496770 view_texture_handles: 2147495298 pose { orientation { x: -0.233271062 y: 0.0575646833 z: 0.0904828 w: 0.966480136 } position { x: 0.0451568589 y: 0.978466034 z: -0.0593865439 } }}, this= 0x21cb9839280
[2025-12-07 21:51:04.978] [PSS] [info] [35504|14920]streaming_driver_interface_impl.cpp:87 SubmitViewFrames: submit view frames {view_texture_handles: 2147496770 view_texture_handles: 2147495298 pose { orientation { x: -0.237435609 y: 0.0588634796 z: 0.0895992 w: 0.965469539 } position { x: 0.0448395424 y: 0.97655648 z: -0.059485361 } }}, this= 0x21cb9839280
[2025-12-07 21:51:05.009] [PSS] [info] [35504|14920]streaming_driver_interface_impl.cpp:87 SubmitViewFrames: submit view frames {view_texture_handles: 2147496770 view_texture_handles: 2147495298 pose { orientation { x: -0.244247034 y: 0.0597816482 z: 0.0900472254 w: 0.963670611 } position { x: 0.0442619435 y: 0.975237191 z: -0.0597902276 } }}, this= 0x21cb9839280
[2025-12-07 21:51:05.038] [PSS] [info] [35504|14920]streaming_driver_interface_impl.cpp:87 SubmitViewFrames: submit view frames {view_texture_handles: 2147496770 view_texture_handles: 2147495298 pose { orientation { x: -0.244309321 y: 0.0601585433 z: 0.0897794887 w: 0.963656366 } position { x: 0.0438392162 y: 0.974808037 z: -0.0599724203 } }}, this= 0x21cb9839280
[2025-12-07 21:51:05.070] [PSS] [info] [35504|14920]streaming_driver_interface_impl.cpp:87 SubmitViewFrames: submit view frames {view_texture_handles: 2147496770 view_texture_handles: 2147495298 pose { orientation { x: -0.248577595 y: 0.0640493557 z: 0.0954922 w: 0.961763084 } position { x: 0.0428628512 y: 0.971667051 z: -0.0596106946 } }}, this= 0x21cb9839280
[2025-12-07 21:51:05.102] [PSS] [info] [35504|14920]streaming_driver_interface_impl.cpp:87 SubmitViewFrames: submit view frames {view_texture_handles: 2147496770 view_texture_handles: 2147495298 pose { orientation { x: -0.257134 y: 0.0664272681 z: 0.0943227112 w: 0.959464848 } position { x: 0.0426295102 y: 0.96909523 z: -0.0586204454 } }}, this= 0x21cb9839280
[2025-12-07 21:51:05.129] [PSS] [info] [35504|14920]streaming_driver_interface_impl.cpp:87 SubmitViewFrames: submit view frames {view_texture_handles: 2147496770 view_texture_handles: 2147495298 pose { orientation { x: -0.263339728 y: 0.0666736588 z: 0.0930329189 w: 0.957889199 } position { x: 0.0426920056 y: 0.968463659 z: -0.0589446723 } }}, this= 0x21cb9839280
[2025-12-07 21:51:05.162] [PSS] [info] [35504|14920]streaming_driver_interface_impl.cpp:87 SubmitViewFrames: submit view frames {view_texture_handles: 2147496770 view_texture_handles: 2147495298 pose { orientation { x: -0.27032429 y: 0.0675751 z: 0.0911677852 w: 0.956057966 } position { x: 0.0426876768 y: 0.966020823 z: -0.0588218793 } }}, this= 0x21cb9839280
[2025-12-07 21:51:05.190] [PSS] [info] [35504|14920]streaming_driver_interface_impl.cpp:87 SubmitViewFrames: submit view frames {view_texture_handles: 2147496770 view_texture_handles: 2147495298 pose { orientation { x: -0.277401716 y: 0.0681710169 z: 0.0864594951 w: 0.954424322 } position { x: 0.0420981273 y: 0.964940965 z: -0.0587790981 } }}, this= 0x21cb9839280
[2025-12-07 21:51:05.217] [PSS] [info] [35504|14920]streaming_driver_interface_impl.cpp:87 SubmitViewFrames: submit view frames {view_texture_handles: 2147496770 view_texture_handles: 2147495298 pose { orientation { x: -0.284656733 y: 0.0682505816 z: 0.0852155313 w: 0.952392101 } position { x: 0.042523548 y: 0.963697433 z: -0.0586764291 } }}, this= 0x21cb9839280
[2025-12-07 21:51:05.248] [PSS] [info] [35504|14920]streaming_driver_interface_impl.cpp:87 SubmitViewFrames: submit view frames {view_texture_handles: 2147496770 view_texture_handles: 2147495298 pose { orientation { x: -0.292928457 y: 0.0635267422 z: 0.0850342214 w: 0.9502244 } position { x: 0.0435208157 y: 0.962269068 z: -0.0590883829 } }}, this= 0x21cb9839280
[2025-12-07 21:51:05.276] [PSS] [info] [35504|14920]streaming_driver_interface_impl.cpp:87 SubmitViewFrames: submit view frames {view_texture_handles: 2147496770 view_texture_handles: 2147495298 pose { orientation { x: -0.295644134 y: 0.0585044213 z: 0.0873133093 w: 0.949498892 } position { x: 0.0437903777 y: 0.962947 z: -0.0601951 } }}, this= 0x21cb9839280
[2025-12-07 21:51:05.309] [PSS] [info] [35504|14920]streaming_driver_interface_impl.cpp:87 SubmitViewFrames: submit view frames {view_texture_handles: 2147496770 view_texture_handles: 2147495298 pose { orientation { x: -0.290183544 y: 0.0582652912 z: 0.0872729868 w: 0.951200366 } position { x: 0.0425711498 y: 0.962602258 z: -0.0613538735 } }}, this= 0x21cb9839280
[2025-12-07 21:51:05.337] [PSS] [info] [35504|14920]streaming_driver_interface_impl.cpp:87 SubmitViewFrames: submit view frames {view_texture_handles: 2147496770 view_texture_handles: 2147495298 pose { orientation { x: -0.291788816 y: 0.0629291832 z: 0.0881330669 w: 0.950332463 } position { x: 0.0419317633 y: 0.961596668 z: -0.0623225234 } }}, this= 0x21cb9839280
[2025-12-07 21:51:05.369] [PSS] [info] [35504|14920]streaming_driver_interface_impl.cpp:87 SubmitViewFrames: submit view frames {view_texture_handles: 2147496770 view_texture_handles: 2147495298 pose { orientation { x: -0.299681872 y: 0.0661676675 z: 0.0932193771 w: 0.947165668 } position { x: 0.0410693176 y: 0.961005688 z: -0.0642979294 } }}, this= 0x21cb9839280
[2025-12-07 21:51:05.397] [PSS] [info] [35504|14920]streaming_driver_interface_impl.cpp:87 SubmitViewFrames: submit view frames {view_texture_handles: 2147496770 view_texture_handles: 2147495298 pose { orientation { x: -0.307441741 y: 0.0684901327 z: 0.0947070643 w: 0.944361925 } position { x: 0.0402337722 y: 0.959394574 z: -0.066787459 } }}, this= 0x21cb9839280
[2025-12-07 21:51:05.429] [PSS] [info] [35504|14920]streaming_driver_interface_impl.cpp:87 SubmitViewFrames: submit view frames {view_texture_handles: 2147496770 view_texture_handles: 2147495298 pose { orientation { x: -0.316968262 y: 0.0676827 z: 0.100092389 w: 0.940708101 } position { x: 0.0398393385 y: 0.957739949 z: -0.0701897368 } }}, this= 0x21cb9839280
[2025-12-07 21:51:05.458] [PSS] [info] [35504|14920]streaming_driver_interface_impl.cpp:87 SubmitViewFrames: submit view frames {view_texture_handles: 2147496770 view_texture_handles: 2147495298 pose { orientation { x: -0.332706898 y: 0.0648866072 z: 0.107105151 w: 0.934678793 } position { x: 0.0388372131 y: 0.955627739 z: -0.0731967 } }}, this= 0x21cb9839280
[2025-12-07 21:51:05.488] [PSS] [info] [35504|14920]streaming_driver_interface_impl.cpp:87 SubmitViewFrames: submit view frames {view_texture_handles: 2147496770 view_texture_handles: 2147495298 pose { orientation { x: -0.347050786 y: 0.0516717806 z: 0.116362862 w: 0.929163873 } position { x: 0.0376430675 y: 0.953149796 z: -0.079190366 } }}, this= 0x21cb9839280
[2025-12-07 21:51:05.517] [PSS] [info] [35504|14920]streaming_driver_interface_impl.cpp:87 SubmitViewFrames: submit view frames {view_texture_handles: 2147496770 view_texture_handles: 2147495298 pose { orientation { x: -0.349428445 y: 0.0445195735 z: 0.121928461 w: 0.927928448 } position { x: 0.036705289 y: 0.95130837 z: -0.0823784396 } }}, this= 0x21cb9839280
[2025-12-07 21:51:05.548] [PSS] [info] [35504|14920]streaming_driver_interface_impl.cpp:87 SubmitViewFrames: submit view frames {view_texture_handles: 2147496770 view_texture_handles: 2147495298 pose { orientation { x: -0.352045715 y: 0.0362611897 z: 0.128410742 w: 0.926423 } position { x: 0.0355254263 y: 0.949193 z: -0.0855668038 } }}, this= 0x21cb9839280
[2025-12-07 21:51:05.580] [PSS] [info] [35504|14920]streaming_driver_interface_impl.cpp:87 SubmitViewFrames: submit view frames {view_texture_handles: 2147496770 view_texture_handles: 2147495298 pose { orientation { x: -0.351274878 y: 0.0247243475 z: 0.132063761 w: 0.9265818 } position { x: 0.0351842865 y: 0.94850409 z: -0.088399075 } }}, this= 0x21cb9839280
[2025-12-07 21:51:05.608] [PSS] [info] [35504|14920]streaming_driver_interface_impl.cpp:87 SubmitViewFrames: submit view frames {view_texture_handles: 2147496770 view_texture_handles: 2147495298 pose { orientation { x: -0.355727 y: 0.00587733788 z: 0.136629596 w: 0.924530208 } position { x: 0.0342033319 y: 0.9466241 z: -0.0896777 } }}, this= 0x21cb9839280
[2025-12-07 21:51:05.636] [PSS] [info] [35504|14920]streaming_driver_interface_impl.cpp:87 SubmitViewFrames: submit view frames {view_texture_handles: 2147496770 view_texture_handles: 2147495298 pose { orientation { x: -0.361194074 y: -0.0161998477 z: 0.136244938 w: 0.922341466 } position { x: 0.0326229408 y: 0.944417596 z: -0.0915372744 } }}, this= 0x21cb9839280
[2025-12-07 21:51:05.668] [PSS] [info] [35504|14920]streaming_driver_interface_impl.cpp:87 SubmitViewFrames: submit view frames {view_texture_handles: 2147496770 view_texture_handles: 2147495298 pose { orientation { x: -0.37626785 y: -0.0509335 z: 0.127516463 w: 0.916279316 } position { x: 0.0314741321 y: 0.943460822 z: -0.0912043899 } }}, this= 0x21cb9839280
[2025-12-07 21:51:05.695] [PSS] [info] [35504|14920]streaming_driver_interface_impl.cpp:87 SubmitViewFrames: submit view frames {view_texture_handles: 2147496770 view_texture_handles: 2147495298 pose { orientation { x: -0.388499767 y: -0.0746323 z: 0.122557007 w: 0.91020757 } position { x: 0.0314156637 y: 0.942407 z: -0.0905706435 } }}, this= 0x21cb9839280
[2025-12-07 21:51:05.728] [PSS] [info] [35504|14920]streaming_driver_interface_impl.cpp:87 SubmitViewFrames: submit view frames {view_texture_handles: 2147496770 view_texture_handles: 2147495298 pose { orientation { x: -0.401528716 y: -0.0978278145 z: 0.11876671 w: 0.902828276 } position { x: 0.0319846943 y: 0.941832542 z: -0.0895801112 } }}, this= 0x21cb9839280
[2025-12-07 21:51:05.756] [PSS] [info] [35504|14920]streaming_driver_interface_impl.cpp:87 SubmitViewFrames: submit view frames {view_texture_handles: 2147496770 view_texture_handles: 2147495298 pose { orientation { x: -0.419594616 y: -0.108337507 z: 0.121062346 w: 0.893055 } position { x: 0.0323358402 y: 0.942817032 z: -0.0889298916 } }}, this= 0x21cb9839280
[2025-12-07 21:51:05.788] [PSS] [info] [35504|14920]streaming_driver_interface_impl.cpp:87 SubmitViewFrames: submit view frames {view_texture_handles: 2147496770 view_texture_handles: 2147495298 pose { orientation { x: -0.429406077 y: -0.122114792 z: 0.123178519 w: 0.886298716 } position { x: 0.0320739485 y: 0.943552673 z: -0.0895052478 } }}, this= 0x21cb9839280
[2025-12-07 21:51:05.816] [PSS] [info] [35504|14920]streaming_driver_interface_impl.cpp:87 SubmitViewFrames: submit view frames {view_texture_handles: 2147496770 view_texture_handles: 2147495298 pose { orientation { x: -0.441745311 y: -0.133799419 z: 0.127387807 w: 0.877912939 } position { x: 0.0347310416 y: 0.944563389 z: -0.0884610116 } }}, this= 0x21cb9839280
[2025-12-07 21:51:05.847] [PSS] [info] [35504|14920]streaming_driver_interface_impl.cpp:87 SubmitViewFrames: submit view frames {view_texture_handles: 2147496770 view_texture_handles: 2147495298 pose { orientation { x: -0.45558697 y: -0.140017509 z: 0.126569495 w: 0.869951606 } position { x: 0.0345889255 y: 0.944224358 z: -0.0874025673 } }}, this= 0x21cb9839280
[2025-12-07 21:51:05.879] [PSS] [info] [35504|14920]streaming_driver_interface_impl.cpp:87 SubmitViewFrames: submit view frames {view_texture_handles: 2147496770 view_texture_handles: 2147495298 pose { orientation { x: -0.471174359 y: -0.142471403 z: 0.127025276 w: 0.861139476 } position { x: 0.0360762402 y: 0.947303176 z: -0.0861856043 } }}, this= 0x21cb9839280
[2025-12-07 21:51:05.907] [PSS] [info] [35504|14920]streaming_driver_interface_impl.cpp:87 SubmitViewFrames: submit view frames {view_texture_handles: 2147496770 view_texture_handles: 2147495298 pose { orientation { x: -0.482726127 y: -0.144084811 z: 0.12801531 w: 0.854299188 } position { x: 0.0388864242 y: 0.947857916 z: -0.0839896277 } }}, this= 0x21cb9839280
[2025-12-07 21:51:05.939] [PSS] [info] [35504|14920]streaming_driver_interface_impl.cpp:87 SubmitViewFrames: submit view frames {view_texture_handles: 2147496770 view_texture_handles: 2147495298 pose { orientation { x: -0.494710863 y: -0.146170229 z: 0.12678808 w: 0.847242713 } position { x: 0.0412987545 y: 0.949223161 z: -0.0827076361 } }}, this= 0x21cb9839280
[2025-12-07 21:51:05.967] [PSS] [info] [35504|14920]streaming_driver_interface_impl.cpp:87 SubmitViewFrames: submit view frames {view_texture_handles: 2147496770 view_texture_handles: 2147495298 pose { orientation { x: -0.5069713 y: -0.144386217 z: 0.126251772 w: 0.840353 } position { x: 0.0460335389 y: 0.949968278 z: -0.0810681656 } }}, this= 0x21cb9839280
[2025-12-07 21:51:05.999] [PSS] [info] [35504|14920]streaming_driver_interface_impl.cpp:87 SubmitViewFrames: submit view frames {view_texture_handles: 2147496770 view_texture_handles: 2147495298 pose { orientation { x: -0.517315149 y: -0.145085067 z: 0.127945378 w: 0.833645821 } position { x: 0.0492292866 y: 0.949643791 z: -0.0790785253 } }}, this= 0x21cb9839280
[2025-12-07 21:51:06.027] [PSS] [info] [35504|14920]streaming_driver_interface_impl.cpp:87 SubmitViewFrames: submit view frames {view_texture_handles: 2147496770 view_texture_handles: 2147495298 pose { orientation { x: -0.529664 y: -0.141466647 z: 0.128446802 w: 0.826404691 } position { x: 0.0529135764 y: 0.949026287 z: -0.0770011321 } }}, this= 0x21cb9839280
[2025-12-07 21:51:06.060] [PSS] [info] [35504|14920]streaming_driver_interface_impl.cpp:87 SubmitViewFrames: submit view frames {view_texture_handles: 2147496770 view_texture_handles: 2147495298 pose { orientation { x: -0.543427348 y: -0.148084849 z: 0.119080722 w: 0.817665815 } position { x: 0.060449142 y: 0.947891057 z: -0.0752150938 } }}, this= 0x21cb9839280
[2025-12-07 21:51:06.088] [PSS] [info] [35504|14920]streaming_driver_interface_impl.cpp:87 SubmitViewFrames: submit view frames {view_texture_handles: 2147496770 view_texture_handles: 2147495298 pose { orientation { x: -0.547796 y: -0.162508458 z: 0.105173223 w: 0.813909769 } position { x: 0.0655878708 y: 0.946617305 z: -0.0752638653 } }}, this= 0x21cb9839280
[2025-12-07 21:51:06.119] [PSS] [info] [35504|14920]streaming_driver_interface_impl.cpp:87 SubmitViewFrames: submit view frames {view_texture_handles: 2147496770 view_texture_handles: 2147495298 pose { orientation { x: -0.555259168 y: -0.172491968 z: 0.0967988297 w: 0.807814181 } position { x: 0.0713923872 y: 0.945320964 z: -0.0741603673 } }}, this= 0x21cb9839280
[2025-12-07 21:51:06.151] [PSS] [info] [35504|14920]streaming_driver_interface_impl.cpp:87 SubmitViewFrames: submit view frames {view_texture_handles: 2147496770 view_texture_handles: 2147495298 pose { orientation { x: -0.566043913 y: -0.178438649 z: 0.0926863775 w: 0.799476802 } position { x: 0.0760590509 y: 0.943524182 z: -0.0727532133 } }}, this= 0x21cb9839280
[2025-12-07 21:51:06.179] [PSS] [info] [35504|14920]streaming_driver_interface_impl.cpp:87 SubmitViewFrames: submit view frames {view_texture_handles: 2147496770 view_texture_handles: 2147495298 pose { orientation { x: -0.578674376 y: -0.179990217 z: 0.0847828686 w: 0.790918052 } position { x: 0.0799528807 y: 0.941547751 z: -0.0708154514 } }}, this= 0x21cb9839280
[2025-12-07 21:51:06.211] [PSS] [info] [35504|14920]streaming_driver_interface_impl.cpp:87 SubmitViewFrames: submit view frames {view_texture_handles: 2147496770 view_texture_handles: 2147495298 pose { orientation { x: -0.602897644 y: -0.17120187 z: 0.074448958 w: 0.775668561 } position { x: 0.0846581608 y: 0.938222349 z: -0.0665298402 } }}, this= 0x21cb9839280
[2025-12-07 21:51:06.239] [PSS] [info] [35504|14920]streaming_driver_interface_impl.cpp:87 SubmitViewFrames: submit view frames {view_texture_handles: 2147496770 view_texture_handles: 2147495298 pose { orientation { x: -0.622361839 y: -0.158659831 z: 0.0685594156 w: 0.763408422 } position { x: 0.087554954 y: 0.936126709 z: -0.0627033338 } }}, this= 0x21cb9839280
[2025-12-07 21:51:06.271] [PSS] [info] [35504|14920]streaming_driver_interface_impl.cpp:87 SubmitViewFrames: submit view frames {view_texture_handles: 2147496770 view_texture_handles: 2147495298 pose { orientation { x: -0.640262365 y: -0.147616908 z: 0.0592764877 w: 0.751504898 } position { x: 0.0892740414 y: 0.933680534 z: -0.0589851402 } }}, this= 0x21cb9839280
[2025-12-07 21:51:06.299] [PSS] [info] [35504|14920]streaming_driver_interface_impl.cpp:87 SubmitViewFrames: submit view frames {view_texture_handles: 2147496770 view_texture_handles: 2147495298 pose { orientation { x: -0.657615 y: -0.134829372 z: 0.0496088527 w: 0.739528596 } position { x: 0.0907880887 y: 0.930566549 z: -0.0546540879 } }}, this= 0x21cb9839280
[2025-12-07 21:51:06.331] [PSS] [info] [35504|14920]streaming_driver_interface_impl.cpp:87 SubmitViewFrames: submit view frames {view_texture_handles: 2147496770 view_texture_handles: 2147495298 pose { orientation { x: -0.673942089 y: -0.121392995 z: 0.0422612205 w: 0.727516174 } position { x: 0.0920765847 y: 0.927255332 z: -0.0500863716 } }}, this= 0x21cb9839280
[2025-12-07 21:51:06.359] [PSS] [info] [35504|14920]streaming_driver_interface_impl.cpp:87 SubmitViewFrames: submit view frames {view_texture_handles: 2147496770 view_texture_handles: 2147495298 pose { orientation { x: -0.691283524 y: -0.106015392 z: 0.0364353731 w: 0.713835 } position { x: 0.0929569378 y: 0.923900902 z: -0.0453459322 } }}, this= 0x21cb9839280
[2025-12-07 21:51:06.389] [PSS] [info] [35504|14920]streaming_driver_interface_impl.cpp:87 SubmitViewFrames: submit view frames {view_texture_handles: 2147496770 view_texture_handles: 2147495298 pose { orientation { x: -0.704282701 y: -0.0931827277 z: 0.0344620086 w: 0.702933311 } position { x: 0.0940888897 y: 0.919796526 z: -0.0404276 } }}, this= 0x21cb9839280
[2025-12-07 21:51:06.422] [PSS] [info] [35504|14920]streaming_driver_interface_impl.cpp:87 SubmitViewFrames: submit view frames {view_texture_handles: 2147496770 view_texture_handles: 2147495298 pose { orientation { x: -0.718604147 y: -0.0815735757 z: 0.0278421342 w: 0.690057 } position { x: 0.0955732 y: 0.912580609 z: -0.0338322185 } }}, this= 0x21cb9839280
[2025-12-07 21:51:06.450] [PSS] [info] [35504|14920]streaming_driver_interface_impl.cpp:87 SubmitViewFrames: submit view frames {view_texture_handles: 2147496770 view_texture_handles: 2147495298 pose { orientation { x: -0.725458443 y: -0.0807196647 z: 0.0234275684 w: 0.683114588 } position { x: 0.0972753242 y: 0.907284558 z: -0.0299467519 } }}, this= 0x21cb9839280
[2025-12-07 21:51:06.480] [PSS] [info] [35504|14920]streaming_driver_interface_impl.cpp:87 SubmitViewFrames: submit view frames {view_texture_handles: 2147496770 view_texture_handles: 2147495298 pose { orientation { x: -0.729388118 y: -0.0823123157 z: 0.0223497376 w: 0.678762317 } position { x: 0.0987104699 y: 0.902102709 z: -0.0260879956 } }}, this= 0x21cb9839280
[2025-12-07 21:51:06.511] [PSS] [info] [35504|14920]streaming_driver_interface_impl.cpp:87 SubmitViewFrames: submit view frames {view_texture_handles: 2147496770 view_texture_handles: 2147495298 pose { orientation { x: -0.732804179 y: -0.0870994776 z: 0.0220693685 w: 0.674481034 } position { x: 0.099618271 y: 0.896671593 z: -0.0224225577 } }}, this= 0x21cb9839280
[2025-12-07 21:51:06.539] [PSS] [info] [35504|14920]streaming_driver_interface_impl.cpp:87 SubmitViewFrames: submit view frames {view_texture_handles: 2147496770 view_texture_handles: 2147495298 pose { orientation { x: -0.734500885 y: -0.0912312493 z: 0.0249497537 w: 0.671984255 } position { x: 0.101050518 y: 0.891631544 z: -0.0183918066 } }}, this= 0x21cb9839280
[2025-12-07 21:51:06.566] [PSS] [info] [35504|14920]streaming_driver_interface_impl.cpp:87 SubmitViewFrames: submit view frames {view_texture_handles: 2147496770 view_texture_handles: 2147495298 pose { orientation { x: -0.736684859 y: -0.0959178582 z: 0.0321455039 w: 0.668626845 } position { x: 0.101836659 y: 0.88620919 z: -0.0141017726 } }}, this= 0x21cb9839280
[2025-12-07 21:51:06.597] [PSS] [info] [35504|14920]streaming_driver_interface_impl.cpp:87 SubmitViewFrames: submit view frames {view_texture_handles: 2147496770 view_texture_handles: 2147495298 pose { orientation { x: -0.738076627 y: -0.100328922 z: 0.0387214646 w: 0.666091323 } position { x: 0.102079943 y: 0.881112576 z: -0.0104450574 } }}, this= 0x21cb9839280
[2025-12-07 21:51:06.625] [PSS] [info] [35504|14920]streaming_driver_interface_impl.cpp:87 SubmitViewFrames: submit view frames {view_texture_handles: 2147496770 view_texture_handles: 2147495298 pose { orientation { x: -0.739712358 y: -0.10532213 z: 0.0433034077 w: 0.663217723 } position { x: 0.102454975 y: 0.877718568 z: -0.00499421917 } }}, this= 0x21cb9839280
[2025-12-07 21:51:06.657] [PSS] [info] [35504|14920]streaming_driver_interface_impl.cpp:87 SubmitViewFrames: submit view frames {view_texture_handles: 2147496770 view_texture_handles: 2147495298 pose { orientation { x: -0.741149604 y: -0.116444461 z: 0.0530435145 w: 0.659032881 } position { x: 0.102090217 y: 0.873981535 z: 0.00328931957 } }}, this= 0x21cb9839280
[2025-12-07 21:51:06.684] [PSS] [info] [35504|14920]streaming_driver_interface_impl.cpp:87 SubmitViewFrames: submit view frames {view_texture_handles: 2147496770 view_texture_handles: 2147495298 pose { orientation { x: -0.743364632 y: -0.122409813 z: 0.056788139 w: 0.655133545 } position { x: 0.102447048 y: 0.871873736 z: 0.00846487097 } }}, this= 0x21cb9839280
[2025-12-07 21:51:06.716] [PSS] [info] [35504|14920]streaming_driver_interface_impl.cpp:87 SubmitViewFrames: submit view frames {view_texture_handles: 2147496770 view_texture_handles: 2147495298 pose { orientation { x: -0.739869833 y: -0.138373986 z: 0.055912178 w: 0.655987144 } position { x: 0.102481484 y: 0.868392825 z: 0.0116971293 } }}, this= 0x21cb9839280
[2025-12-07 21:51:06.744] [PSS] [info] [35504|14920]streaming_driver_interface_impl.cpp:87 SubmitViewFrames: submit view frames {view_texture_handles: 2147496770 view_texture_handles: 2147495298 pose { orientation { x: -0.739324808 y: -0.143374547 z: 0.0554459877 w: 0.655567169 } position { x: 0.100991547 y: 0.86561507 z: 0.0158203952 } }}, this= 0x21cb9839280
[2025-12-07 21:51:06.775] [PSS] [info] [35504|14920]streaming_driver_interface_impl.cpp:87 SubmitViewFrames: submit view frames {view_texture_handles: 2147496770 view_texture_handles: 2147495298 pose { orientation { x: -0.743028224 y: -0.138387099 z: 0.0593548305 w: 0.652100623 } position { x: 0.100172408 y: 0.864197 z: 0.0207202 } }}, this= 0x21cb9839280
[2025-12-07 21:51:06.803] [PSS] [info] [35504|14920]streaming_driver_interface_impl.cpp:87 SubmitViewFrames: submit view frames {view_texture_handles: 2147496770 view_texture_handles: 2147495298 pose { orientation { x: -0.744341671 y: -0.143947974 z: 0.0552194864 w: 0.649757802 } position { x: 0.100120641 y: 0.864460588 z: 0.0231965221 } }}, this= 0x21cb9839280
[2025-12-07 21:51:06.835] [PSS] [info] [35504|14920]streaming_driver_interface_impl.cpp:87 SubmitViewFrames: submit view frames {view_texture_handles: 2147496770 view_texture_handles: 2147495298 pose { orientation { x: -0.746060312 y: -0.143860966 z: 0.0546154939 w: 0.647854388 } position { x: 0.0987548903 y: 0.863563061 z: 0.0263737831 } }}, this= 0x21cb9839280
[2025-12-07 21:51:06.862] [PSS] [info] [35504|14920]streaming_driver_interface_impl.cpp:87 SubmitViewFrames: submit view frames {view_texture_handles: 2147496770 view_texture_handles: 2147495298 pose { orientation { x: -0.749243796 y: -0.141980037 z: 0.0538959578 w: 0.644647658 } position { x: 0.0972790346 y: 0.861837924 z: 0.028855931 } }}, this= 0x21cb9839280
[2025-12-07 21:51:06.894] [PSS] [info] [35504|14920]streaming_driver_interface_impl.cpp:87 SubmitViewFrames: submit view frames {view_texture_handles: 2147496770 view_texture_handles: 2147495298 pose { orientation { x: -0.756024599 y: -0.134042397 z: 0.0482033268 w: 0.6388551 } position { x: 0.0955620483 y: 0.859650671 z: 0.0319555439 } }}, this= 0x21cb9839280
[2025-12-07 21:51:06.921] [PSS] [info] [35504|14920]streaming_driver_interface_impl.cpp:87 SubmitViewFrames: submit view frames {view_texture_handles: 2147496770 view_texture_handles: 2147495298 pose { orientation { x: -0.761046112 y: -0.12627919 z: 0.043896202 w: 0.634772 } position { x: 0.0947273597 y: 0.858810246 z: 0.0336977318 } }}, this= 0x21cb9839280
[2025-12-07 21:51:06.953] [PSS] [info] [35504|14920]streaming_driver_interface_impl.cpp:87 SubmitViewFrames: submit view frames {view_texture_handles: 2147496770 view_texture_handles: 2147495298 pose { orientation { x: -0.768973589 y: -0.113190934 z: 0.0375419371 w: 0.62805897 } position { x: 0.0935673639 y: 0.857962132 z: 0.0354305655 } }}, this= 0x21cb9839280
[2025-12-07 21:51:06.985] [PSS] [info] [35504|14920]streaming_driver_interface_impl.cpp:87 SubmitViewFrames: submit view frames {view_texture_handles: 2147496770 view_texture_handles: 2147495298 pose { orientation { x: -0.775932789 y: -0.102426991 z: 0.0326071754 w: 0.62158972 } position { x: 0.0934071392 y: 0.857291281 z: 0.0366464742 } }}, this= 0x21cb9839280
[2025-12-07 21:51:07.013] [PSS] [info] [35504|14920]streaming_driver_interface_impl.cpp:87 SubmitViewFrames: submit view frames {view_texture_handles: 2147496770 view_texture_handles: 2147495298 pose { orientation { x: -0.779804945 y: -0.0889122337 z: 0.028079886 w: 0.619039893 } position { x: 0.0944766 y: 0.855637312 z: 0.0380981155 } }}, this= 0x21cb9839280
[2025-12-07 21:51:07.045] [PSS] [info] [35504|14920]streaming_driver_interface_impl.cpp:87 SubmitViewFrames: submit view frames {view_texture_handles: 2147496770 view_texture_handles: 2147495298 pose { orientation { x: -0.789981723 y: -0.0772001296 z: 0.0271792561 w: 0.607643247 } position { x: 0.0951724946 y: 0.857419133 z: 0.0372305363 } }}, this= 0x21cb9839280
[2025-12-07 21:51:07.072] [PSS] [info] [35504|14920]streaming_driver_interface_impl.cpp:87 SubmitViewFrames: submit view frames {view_texture_handles: 2147496770 view_texture_handles: 2147495298 pose { orientation { x: -0.796462834 y: -0.0651999563 z: 0.0251314212 w: 0.600636601 } position { x: 0.0959017053 y: 0.857386947 z: 0.0379280709 } }}, this= 0x21cb9839280
[2025-12-07 21:51:07.104] [PSS] [info] [35504|14920]streaming_driver_interface_impl.cpp:87 SubmitViewFrames: submit view frames {view_texture_handles: 2147496770 view_texture_handles: 2147495298 pose { orientation { x: -0.810757577 y: -0.049342718 z: 0.0203933772 w: 0.582942188 } position { x: 0.0966441482 y: 0.856984675 z: 0.0380696915 } }}, this= 0x21cb9839280
[2025-12-07 21:51:07.132] [PSS] [info] [35504|14920]streaming_driver_interface_impl.cpp:87 SubmitViewFrames: submit view frames {view_texture_handles: 2147496770 view_texture_handles: 2147495298 pose { orientation { x: -0.819969177 y: -0.0436942689 z: 0.0141128181 w: 0.570563078 } position { x: 0.0960341468 y: 0.856956065 z: 0.0376740806 } }}, this= 0x21cb9839280
[2025-12-07 21:51:07.164] [PSS] [info] [35504|14920]streaming_driver_interface_impl.cpp:87 SubmitViewFrames: submit view frames {view_texture_handles: 2147496770 view_texture_handles: 2147495298 pose { orientation { x: -0.829060733 y: -0.0408658683 z: 0.00719320262 w: 0.55761683 } position { x: 0.0944349766 y: 0.857159078 z: 0.0376777463 } }}, this= 0x21cb9839280
[2025-12-07 21:51:07.192] [PSS] [info] [35504|14920]streaming_driver_interface_impl.cpp:87 SubmitViewFrames: submit view frames {view_texture_handles: 2147496770 view_texture_handles: 2147495298 pose { orientation { x: -0.838969052 y: -0.0379352383 z: -0.00057028461 w: 0.542855 } position { x: 0.0923253372 y: 0.856882334 z: 0.0370125584 } }}, this= 0x21cb9839280
[2025-12-07 21:51:07.219] [PSS] [info] [35504|14920]streaming_driver_interface_impl.cpp:87 SubmitViewFrames: submit view frames {view_texture_handles: 2147496770 view_texture_handles: 2147495298 pose { orientation { x: -0.846878111 y: -0.0368945487 z: -0.00757075 w: 0.530451596 } position { x: 0.0921932757 y: 0.856245875 z: 0.036963556 } }}, this= 0x21cb9839280
[2025-12-07 21:51:07.250] [PSS] [info] [35504|14920]streaming_driver_interface_impl.cpp:87 SubmitViewFrames: submit view frames {view_texture_handles: 2147496770 view_texture_handles: 2147495298 pose { orientation { x: -0.852887809 y: -0.0403267778 z: -0.0114341639 w: 0.520408869 } position { x: 0.091703549 y: 0.85583663 z: 0.0362195745 } }}, this= 0x21cb9839280
[2025-12-07 21:51:07.278] [PSS] [info] [35504|14920]streaming_driver_interface_impl.cpp:87 SubmitViewFrames: submit view frames {view_texture_handles: 2147496770 view_texture_handles: 2147495298 pose { orientation { x: -0.857884049 y: -0.0460267626 z: -0.0177911073 w: 0.51146847 } position { x: 0.0922994912 y: 0.855487347 z: 0.0343388505 } }}, this= 0x21cb9839280
[2025-12-07 21:51:07.294] [PSS] [info] [35504|26704]streaming_driver_interface_impl.cpp:418 HandleUpdateStreamingStateEvent: update streaming state {}, this= 0x21cb9839280
[2025-12-07 21:51:07.650] [PSS] [info] [35504|26704]streaming_driver_interface_impl.cpp:382 HandleUpdateHMDStateEvent: update hmd state {state_type: kHMDDeviceStateDisconnected device_id: "PA821CMGGC200276G" device_name: "PICO 4" connection_type: kConnectionUsb description: "Remove Device"}, this= 0x21cb9839280
[2025-12-07 21:51:07.650] [PSS] [error] [35504|26704]streaming_driver_interface_impl.cpp:396 HandleUpdateHMDStateEvent: check device_id failed, this= 0x21cb9839280
